name,type,status,street,locality,town,county,postcode,website,phone,head_title,head_first_name,head_last_name,head_job_title,religion,gender,phase,opened_date,constituency,urn
The Latimer Primary School,Community school,Open,Latimer Street,Anstey,Leicester,Leicestershire,LE7 7AW,www.latimerprimary.co.uk,1162362138.0,Mrs,Claire,Moran,Executive Headteacher,Does not apply,Mixed,Primary,01/01/1900,Mid Leicestershire,119903
Burton-on-the-Wolds Primary School,Community school,Open,Barrow Road,Burton-on-the-Wolds,Loughborough,Leicestershire,LE12 5TB,www.burton-on-the-wolds-school.org/,1509880298.0,Mrs,Claire,Wilson,Headteacher,Does not apply,Mixed,Primary,,Loughborough,119912
Belvoirdale Community Primary School,Community school,Open,Scotlands Road,,Coalville,Leicestershire,LE67 3RD,www.belvoirdale.org,1530832595.0,Mr,Richard,Dax,Headteacher,Does not apply,Mixed,Primary,,North West Leicestershire,119913
Ellistown Community Primary School,Community school,Open,Whitehill Road,Ellistown,Coalville,Leicestershire,LE67 1EN,http://www.ellistown.leics.sch.uk/,1530260301.0,Mrs,Simone,Fellows,Headteacher,Does not apply,Mixed,Primary,,North West Leicestershire,119914
Hugglescote Community Primary School,Community school,Open,Ashburton Road,Hugglescote,Coalville,Leicestershire,LE67 2HA,www.hugglescote.leics.sch.uk,1530832721.0,Mr,Paul,Driver,Headteacher,Does not apply,Mixed,Primary,,North West Leicestershire,119915
Woodstone Community Primary School,Community school,Open,Heather Lane,Ravenstone,Coalville,Leicestershire,LE67 2AH,www.woodstoneprimary.co.uk,1530519473.0,Mr,Patrick,Mullins,Headteacher,Does not apply,Mixed,Primary,,North West Leicestershire,119916
New Swannington Primary School,Community school,Open,Church Lane,Whitwick,Coalville,Leicestershire,LE67 5DQ,www.newswanningtonprimary.org.uk/,1530832656.0,Mrs,Judy,Ramsell,Headteacher,Does not apply,Mixed,Primary,,North West Leicestershire,119917
Griffydam Primary School,Community school,Open,Top Road,Griffydam,Coalville,Leicestershire,LE67 8HU,http://www.griffydam.leics.sch.uk,1530222281.0,Miss,Victoria,Wills,Headteacher,Does not apply,Mixed,Primary,,North West Leicestershire,119918
Martinshaw Primary School,Community school,Open,Forest Rise,Groby,Leicester,Leicestershire,LE6 0BB,www.martinshaw.leics.sch.uk,1162876749.0,Mrs,Louise,Proudman,Headteacher,Does not apply,Mixed,Primary,,Mid Leicestershire,119925
Heather Primary School,Community school,Open,Main Street,Heather,Coalville,Leicestershire,LE67 2QP,https://www.heather.leics.sch.uk/,1530260257.0,Mrs,Maxine,Michalowski,Headteacher,Does not apply,Mixed,Primary,,North West Leicestershire,119926
Westfield Junior School,Community school,Open,Westfield Road,,Hinckley,Leicestershire,LE10 0LT,www.westfield-jun.leics.sch.uk,1455637437.0,Mr,Richard,Haltof,Headteacher,Does not apply,Mixed,Primary,,Hinckley and Bosworth,119928
Westfield Infant School,Community school,Open,Ashford Road,,Hinckley,Leicestershire,LE10 0JL,http://www.westfield-inf.leics.sch.uk,1455637558.0,Mrs,Jennifer,Ruane,Headteacher,Does not apply,Mixed,Primary,,Hinckley and Bosworth,119929
Barwell Infant School,Community school,Open,Townend Road,Barwell,Leicester,Leicestershire,LE9 8HG,www.barwellinfantschool.co.uk/,1455842310.0,Miss,TERENA,MORETON,Headteacher,Does not apply,Mixed,Primary,,Hinckley and Bosworth,119930
Ibstock Junior School,Community school,Open,Melbourne Road,,Ibstock,Leicestershire,LE67 6NP,www.ibstockjuniorschool.co.uk,1530260481.0,Mr,Phil,Lewin,Head Teacher,Does not apply,Mixed,Primary,,North West Leicestershire,119931
Kegworth Primary School,Community school,Open,High Street,Kegworth,Derby,Leicestershire,DE74 2DA,www.kegworthprimary.org,1509672382.0,Mrs,Tracey,Robinson,Headteacher,Does not apply,Mixed,Primary,,North West Leicestershire,119932
Little Bowden School,Community school,Open,Scotland Road,Little Bowden,Market Harborough,Leicestershire,LE16 8AY,www.littlebowden.leics.sch.uk,1858462528.0,Mr,Brendan,Brannigan,HeadTeacher,Does not apply,Mixed,Primary,,"Harborough, Oadby and Wigston",119936
Newbold Verdon Primary School,Community school,Open,Dragon Lane,Newbold Verdon,Leicester,Leicestershire,LE9 9NG,www.newboldverdonprimaryschool.co.uk,1455822362.0,Mrs,Lucy,Collins,Headteacher,Does not apply,Mixed,Primary,,Hinckley and Bosworth,119942
Stathern Primary School,Community school,Open,Water Lane,Stathern,Melton Mowbray,Leicestershire,LE14 4HX,http://www.stathern.leics.sch.uk,1949860316.0,Mrs,Karen,Lambert,Headteacher,Does not apply,Mixed,Primary,,Melton and Syston,119952
Newton Burgoland Primary School,Community school,Open,School Lane,Newton Burgoland,Coalville,Leicestershire,LE67 2SL,www.newburland.leics.sch.uk/,1530270320.0,Mrs,Sue,Ward,Headteacher,Does not apply,Mixed,Primary,,Hinckley and Bosworth,119953
Worthington School,Community school,Open,Main Street,Worthington,Ashby-de-la-Zouch,Leicestershire,LE65 1RQ,www.worthington.leics.sch.uk,1530222319.0,Mrs,Natasha,Clark,Headteacher,Does not apply,Mixed,Primary,,North West Leicestershire,119954
Blaby Thistly Meadow Primary School,Community school,Open,Hospital Lane,Blaby,Leicester,Leicestershire,LE8 4FE,www.thistlymeadow.net/,1162775648.0,Mr,Colin,Bowpitt,Headteacher,Does not apply,Mixed,Primary,,South Leicestershire,119956
Thorpe Acre Junior School,Community school,Open,Alan Moss Road,,Loughborough,Leicestershire,LE11 4SQ,www.thorpeacrejuniorschool.co.uk,1509214974.0,Ms,Jo,Beaumont,Headteacher,Does not apply,Mixed,Primary,,Loughborough,119957
Thorpe Acre Infant School,Community school,Open,Alan Moss Road,,Loughborough,Leicestershire,LE11 4SQ,www.tais.leics.sch.uk/,1509212021.0,Ms,Jo,Beaumont,Headteacher,Does not apply,Mixed,Primary,,Loughborough,119958
Elizabeth Woodville Primary School,Community school,Open,Glebe Road,Groby,Leicester,Leicestershire,LE6 0GT,www.elizabethwoodvilleprimaryschool.co.uk,1162876050.0,Mr,Andrew,Pridmore,Headteacher,Does not apply,Mixed,Primary,,Mid Leicestershire,119959
Oxley Primary School Shepshed,Community school,Open,Thorpe Road,Shepshed,Loughborough,Leicestershire,LE12 9LU,https://www.oxleyprimary.org/,1509502483.0,Headteacher,Daniel,Caldwell,Headteacher,Does not apply,Mixed,Primary,,Loughborough,119961
Burbage Junior School,Community school,Open,Grove Road,Burbage,Hinckley,Leicestershire,LE10 2AD,http://www.burbage-jun.leics.sch.uk/,1455630970.0,Mrs,Zoe,Driver,Headteacher,Does not apply,Mixed,Primary,,Hinckley and Bosworth,119964
Warren Hills Community Primary School,Community school,Open,Stamford Drive,,Coalville,Leicestershire,LE67 4TA,http://www.warrenhills.leics.sch.uk,1530834030.0,Mrs,Helen,Burns,Headteacher,Does not apply,Mixed,Primary,,North West Leicestershire,119981
Sketchley Hill Primary School Burbage,Community school,Open,Sketchley Road,Burbage,Hinckley,Leicestershire,LE10 2DY,www.sketchleyhill.leics.sch.uk,1455238640.0,Mr,Lawrence,Lee,Headteacher,Does not apply,Mixed,Primary,,Hinckley and Bosworth,119986
Thythorn Field Community Primary School,Community school,Open,Bideford Close,,Wigston,Leicestershire,LE18 2QU,www.thythornfield.co.uk,1162889040.0,Mrs,Claire,Price,Headteacher,Does not apply,Mixed,Primary,,"Harborough, Oadby and Wigston",119993
Catherine Infant School,Community school,Open,Ulverscroft Road,,Leicester,Leicestershire,LE4 6BY,www.catherine-inf.leicester.sch.uk,1162625422.0,Mr,Mitesh,Madhaw,Headteacher,Does not apply,Mixed,Primary,,Leicester East,120002
Catherine Junior School,Community school,Open,Brandon Street,,Leicester,Leicestershire,LE4 6AZ,www.catherine-jun.leicester.sch.uk/,1162625896.0,Dr,Joanne,Badge,Headteacher,Does not apply,Mixed,Primary,,Leicester East,120003
Evington Valley Primary School,Community school,Open,Evington Valley Road,,Leicester,Leicestershire,LE5 5LL,www.evingtonvalley.leicester.sch.uk,1162736971.0,Mr,Adrian,Manning,Headteacher,Does not apply,Mixed,Primary,,Leicester South,120005
Granby Primary School,Community school,Open,Granby Road,,Leicester,Leicestershire,LE2 8LP,http://www.granby.leicester.sch.uk,1162298160.0,Mr,Dale,Cross,Headteacher,Does not apply,Mixed,Primary,,Leicester West,120006
Rushey Mead Primary School,Community school,Open,Gipsy Lane,,Leicester,Leicestershire,LE4 6RB,www.rusheymead-pri.leicester.sch.uk/,1162661114.0,Mr,Nitash,Odedra,Headteacher,Does not apply,Mixed,Primary,,Leicester East,120009
Imperial Avenue Infant School,Community school,Open,Imperial Avenue,Braunstone,Leicester,Leicestershire,LE3 1AH,www.imperialavenue.leicester.sch.uk/,1162824503.0,Miss,Elizabeth,Smith,Head Teacher,Does not apply,Mixed,Primary,,Leicester West,120014
Inglehurst Junior School,Community school,Open,Ingle Street,,Leicester,Leicestershire,LE3 9FS,www.inglehurst-jun.leicester.sch.uk,1162624598.0,Mrs,Joanna,Lowe,Headteacher,Does not apply,Mixed,Primary,,Leicester West,120016
King Richard III Infant and Nursery School,Community school,Open,Andrewes Street,,Leicester,Leicestershire,LE3 5PA,www.kingrichards.leicester.sch.uk/,1162621905.0,Ms,Lou,Harrison,Headteacher,Does not apply,Mixed,Primary,,Leicester West,120017
Mayflower Primary School,Community school,Open,70 Ethel Road,,Leicester,,LE5 5NA,https://www.mayflower.leicester.sch.uk/,1162737504.0,Mr,Luke,Whitney,Head teacher,Does not apply,Mixed,Primary,,Leicester South,120018
Merrydale Infant School,Community school,Open,Claydon Road,,Leicester,Leicestershire,LE5 0PL,www.merrydale-inf.leicester.sch.uk,1162767593.0,Mr,Mark,Tipple-Johnson,Headteacher,Does not apply,Mixed,Primary,,Leicester East,120023
Shaftesbury Junior School,Community school,Open,Latimer Street,,Leicester,Leicestershire,LE3 0QE,http://www.shaftesbury.leicester.sch.uk,1162549203.0,Mr,Karl,Stewart,Headteacher,Does not apply,Mixed,Primary,,Leicester West,120026
Wyvern Primary School,Community school,Open,Wyvern Avenue,,Leicester,Leicestershire,LE4 7HH,www.wyvern.leicester.sch.uk/,1162661408.0,Mrs,Deborah,Sedgwick,Headteacher,Does not apply,Mixed,Primary,,Leicester East,120028
Montrose School,Community school,Open,Wigston Lane,Aylestone,Leicester,Leicestershire,LE2 8TN,www.montrose.leicester.sch.uk/,1162832328.0,Mr,Andy Owens,and Miss Suzanne Jackson,Headteacher,Does not apply,Mixed,Primary,,Leicester West,120029
Folville Junior School,Community school,Open,Folville Rise,,Leicester,Leicestershire,LE3 1EE,www.folville.leicester.sch.uk/,1162824368.0,Headteacher,Claire,Cooke,Headteacher,Does not apply,Mixed,Primary,,Leicester West,120034
Stokes Wood Primary School,Community school,Open,Blackett Avenue,,Leicester,Leicestershire,LE3 9BX,www.stokeswood.leicester.sch.uk,1162875305.0,Mrs,E,Christensen,Headteacher,Does not apply,Mixed,Primary,,Leicester West,120038
Wolsey House Primary School,Community school,Open,Beaumont Leys Lane,,Leicester,Leicestershire,LE4 2BB,www.wolseyhouse.leicester.sch.uk/,1162667566.0,Mrs,Helen King,Mr Steven Powell,Headteacher,Does not apply,Mixed,Primary,,Leicester West,120039
Sandfield Close Primary School,Community school,Open,Sandfield Close,,Leicester,Leicestershire,LE4 7RE,www.sandfieldclose.leicester.sch.uk,1162660333.0,Mrs,Smita,Lad,Headteacher,Does not apply,Mixed,Primary,,Leicester East,120047
Barley Croft Primary School,Community school,Open,Malham Close,Beaumont Leys,Leicester,Leicestershire,LE4 0UT,www.barleycroft.leicester.sch.uk/,1162359008.0,Mrs,Rebecca,Dulieu,Headteacher,Does not apply,Mixed,Primary,,Leicester West,120050
Taylor Road Primary School,Community school,Open,Taylor Road,St Matthews Estate,Leicester,Leicestershire,LE1 2JP,www.taylorroadprimary.co.uk/,1162624597.0,Mrs,Anna,Grant-Thomas,Headteacher,Does not apply,Mixed,Primary,,Leicester South,120065
Linden Primary School,Community school,Open,Headland Road,Evington,Leicester,Leicestershire,LE5 6AD,www.linden.leicester.sch.uk,1162738435.0,Mr,Christopher,Taylor,Headteacher,Does not apply,Mixed,Primary,,Leicester South,120068
Eyres Monsell Primary School,Community school,Open,Simmins Crescent,Eyres Monsell,Leicester,Leicestershire,LE2 9AH,www.eyresmonsell.leicester.sch.uk/,1162773855.0,Ms,E,Williamson,Headteacher,Does not apply,Mixed,Primary,,Leicester South,120069
The Hall School,Community school,Open,Glenfield Frith Drive,Glenfield,Leicester,Leicestershire,LE3 8PQ,www.thehallprimary.com/,1162873582.0,Co Headteacher,Rosemary Handford,Samuel Walker,Headteacher,Does not apply,Mixed,Primary,,Mid Leicestershire,120070
Hazel Community Primary School,Community school,Open,Hazel Street,,Leicester,Leicestershire,LE2 7JN,www.hazel.leicester.sch.uk/,1162338411.0,Mr,Daniel,Hansen,Headteacher,Does not apply,Mixed,Primary,,Leicester South,120071
Mellor Community Primary School,Community school,Open,60 Checketts Road,,LEICESTER,Leicestershire,LE4 5EQ,www.mellor.leicester.sch.uk/,1162946099.0,Mrs,Nicola,Foster,Headteacher,Does not apply,Mixed,Primary,,Leicester East,120073
Marriott Primary School,Community school,Open,Broughton Road,,Leicester,Leicestershire,LE2 6NE,www.marriott.leicester.sch.uk/,1162832433.0,Ms,Ruth,Neill,Headteacher,Does not apply,Mixed,Primary,,Leicester South,120077
Water Leys Primary School,Community school,Open,Guilford Drive,,Wigston,Leicestershire,LE18 1HG,www.waterleysprimaryschool.co.uk/,1162884135.0,Mr,Mark,Westmoreland,Headteacher,Does not apply,Mixed,Primary,,"Harborough, Oadby and Wigston",120079
Whitehall Primary School,Community school,Open,Whitehall Road,,Leicester,Leicestershire,LE5 6GJ,www.whitehallprimary.co.uk/,1162413087.0,Mrs,Anna,Boychuk,Headteacher,Does not apply,Mixed,Primary,,Leicester East,120081
Spinney Hill Primary School,Community school,Open,Ventnor Street,,Leicester,Leicestershire,LE5 5EZ,www.spinneyhill.leicester.sch.uk/,1162737047.0,Mrs,Catherine,Stretton,Headteacher,Does not apply,Mixed,Primary,,Leicester South,120084
Scraptoft Valley Primary School,Community school,Open,New Romney Crescent,Netherhall Estate,Leicester,Leicestershire,LE5 1NG,www.scraptoftvalley.leicester.sch.uk,1162413444.0,Miss,Louise,Craig,Headteacher,Does not apply,Mixed,Primary,,Leicester East,120086
Beaumont Lodge Primary School,Community school,Open,Astill Lodge Road,Beaumont Leys,Leicester,Leicestershire,LE4 1DT,www.beaumontlodgeprimary.co.uk,1162366925.0,Mrs,Dawn,Solla,Headteacher,Does not apply,Mixed,Primary,,Leicester West,120087
Parks Primary School,Community school,Open,1 Gillman Road,,Leicester,,LE3 9NS,www.parksprimary.org/,1162872414.0,Mrs,Caroline,Evans,Headteacher,Does not apply,Mixed,Primary,,Leicester West,120088
Coleman Primary School,Community school,Open,Gwendolen Road,,Leicester,Leicestershire,LE5 5FS,www.colemanprimary.co.uk/,1162490109.0,Mrs,Katherine,Wade,Headteacher,Does not apply,Mixed,Primary,,Leicester South,120095
Woodcote Primary School,Community school,Open,Willowbrook Close,,Ashby-de-la-Zouch,Leicestershire,LE65 1JX,http://www.woodcoteprimary.com,1530417007.0,Mrs,Suzanne,Jones,Headteacher,Does not apply,Mixed,Primary,,North West Leicestershire,120096
Herrick Primary School,Community school,Open,Lockerbie Avenue,Rushey Mead,Leicester,Leicestershire,LE4 7NJ,www.herrick.leicester.sch.uk,1162665656.0,Mr,Umesh,Patel,Headteacher,Does not apply,Mixed,Primary,,Leicester East,120100
Slater Primary School,Community school,Open,Slater Street,,Leicester,Leicestershire,LE3 5AS,www.slater.leicester.sch.uk,1162624587.0,Ms,Rehana,Miah,Headteacher,Does not apply,Mixed,Primary,01/01/1900,Leicester West,120101
Alderman Richard Hallam Primary School,Community school,Open,Avebury Avenue,,Leicester,Leicestershire,LE4 0FQ,www.arhprimary.co.uk,1162624003.0,Miss,Ann-Marie,Kedzior,Headteacher,Does not apply,Mixed,Primary,,Leicester West,120107
Medway Community Primary School,Community school,Open,St Stephens Road,Highfields,Leicester,Leicestershire,LE2 1GH,www.medway.leicester.sch.uk,1162544811.0,Mr,Steven,Williams,Headteacher,Does not apply,Mixed,Primary,,Leicester South,120108
Belton Church of England Primary School,Voluntary controlled school,Open,Sadlers Wells,Belton,Loughborough,Leicestershire,LE12 9TS,www.belton.leics.sch.uk,1530222304.0,Miss,Joanna,Scott,Headteacher,Church of England,Mixed,Primary,,North West Leicestershire,120114
Billesdon Church of England Primary School,Voluntary controlled school,Open,Gaulby Road,Billesdon,Leicester,Leicestershire,LE7 9AG,www.billesdon.leics.sch.uk,1162596327.0,Mrs,Lisa,Willcocks,Headteacher,Church of England,Mixed,Primary,,Rutland and Stamford,120115
"Orchard Church of England Primary School, Broughton Astley",Voluntary controlled school,Open,Blenheim Crescent,Broughton Astley,Broughton Astley,Leicestershire,LE9 6QX,http://www.orchardcofe.leics.sch.uk/,1455283247.0,Mrs,Amy,Lang,Headteacher,Church of England,Mixed,Primary,,South Leicestershire,120120
Burbage Church of England Infant School,Voluntary controlled school,Open,Grove Road,Burbage,Hinckley,Leicestershire,LE10 2AE,www.burbageinfants.org/,1455239391.0,Mrs,Zoe,Driver,Headteacher,Church of England,Mixed,Primary,,Hinckley and Bosworth,120121
"All Saints Church of England Primary School, Coalville",Voluntary controlled school,Open,Ashby Road,,Coalville,Leicestershire,LE67 3LB,,1530832608.0,Mr,Andy,Mawdsley,Headteacher,Church of England,Mixed,Primary,,North West Leicestershire,120123
Cossington Church of England Primary School,Voluntary controlled school,Open,Main Street,Cossington,LEICESTER,Leicestershire,LE7 4UU,http://www.cossingtonschool.org,1509812565.0,Mr,Matthew,Yandell,Headteacher,Church of England,Mixed,Primary,,Melton and Syston,120124
Fleckney Church of England Primary School,Voluntary controlled school,Open,Batchelor Road,Fleckney,Leicester,Leicestershire,LE8 8BE,http://www.fleckney.leics.sch.uk/,1162402288.0,Mr,Josh,Richards,Headteacher,Church of England,Mixed,Primary,,South Leicestershire,120129
Great Glen St Cuthbert's Church of England Primary School,Voluntary controlled school,Open,The Chase,Great Glen,Leicester,Leicestershire,LE8 9EQ,www.stcuthberts.leics.sch.uk,1162592764.0,Mrs,Jenny,Hawkins,Headteacher,Church of England,Mixed,Primary,,"Harborough, Oadby and Wigston",120131
Harby Church of England Primary School,Voluntary controlled school,Open,School Lane,Harby,Melton Mowbray,Leicestershire,LE14 4BZ,www.harbyprimary.org,1949860553.0,Mrs,Bridget,Bye,Headteacher,Church of England,Mixed,Primary,,Melton and Syston,120132
"St Mary's Church of England Primary School, Hinckley",Voluntary controlled school,Open,Station Road,,Hinckley,Leicestershire,LE10 1AW,www.stmarys.leics.sch.uk/,1455637477.0,Mrs,Rachel,Ayres,Headteacher,Church of England,Mixed,Primary,,Hinckley and Bosworth,120134
Hose Church of England Primary School,Voluntary controlled school,Open,Bolton Lane,Hose,Melton Mowbray,Leicestershire,LE14 4JE,www.hoseprimaryschool.co.uk/,1949860312.0,Mrs,Lianne,Hough,Headteacher,Church of England,Mixed,Primary,,Melton and Syston,120135
"St Denys Church of England Infant School, Ibstock",Voluntary controlled school,Open,Laud Close,,Ibstock,Leicestershire,LE67 6NL,https://www.stdenysinfantschool.org/,1530260004.0,Mrs,Cheryl,Sargeant,Headteacher,Church of England,Mixed,Primary,,North West Leicestershire,120138
Long Clawson Church of England Primary School,Voluntary controlled school,Open,School Lane,Long Clawson,Melton Mowbray,Leicestershire,LE14 4PB,http://www.longclawson.leics.sch.uk/,1664822337.0,Mrs,Karen,Lambert,Headteacher,Church of England,Mixed,Primary,,Melton and Syston,120141
Long Whatton Church of England Primary School and Community Centre,Voluntary controlled school,Open,The Green,Long Whatton,Loughborough,Leicestershire,LE12 5DB,www.longwhattonschool.org,1509842239.0,Mrs,Sara,Gray,Headteacher,Church of England,Mixed,Primary,,North West Leicestershire,120142
Newbold Church of England Primary School,Voluntary controlled school,Open,School Lane,Newbold Coleorton,Coalville,Leicestershire,LE67 8PF,http://www.newbold-cecp.leics.sch.uk/,1530222318.0,Ms,Sherryll,Hitchman,Headteacher,Church of England,Mixed,Primary,,North West Leicestershire,120149
Packington Church of England Primary School,Voluntary controlled school,Open,Mill Street,Packington,Ashby-de-la-Zouch,Leicestershire,LE65 1WL,http://www.packington.leics.sch.uk/,1530412425.0,Mrs,Ruth,Burton,Headteacher,Church of England,Mixed,Primary,,North West Leicestershire,120151
St Bartholomew's Church of England Primary School,Voluntary controlled school,Open,Willowcroft,Quorn,Loughborough,Leicestershire,LE12 8HQ,www.st-bartholomews.leics.sch.uk,1509412250.0,Mr,Alexander,Clark,Headteacher,Church of England,Mixed,Primary,,Loughborough,120153
St Botolph's Church of England Primary School,Voluntary controlled school,Open,Forest Street,,Loughborough,Leicestershire,LE12 9DA,http://www.st-botolphs.leics.sch.uk,1509503387.0,Mrs,Emma,Pepper,Headteacher,Church of England,Mixed,Primary,,Loughborough,120159
Swithland St Leonard's Church of England Primary School,Voluntary controlled school,Open,Main Street,Swithland,Loughborough,Leicestershire,LE12 8TQ,http://www.st-leonards.leics.sch.uk/,1509890596.0,Mrs,Christine,Lethbridge,Headteacher,Church of England,Mixed,Primary,,Mid Leicestershire,120163
Whitwick St John The Baptist Church of England Primary School,Voluntary controlled school,Open,Parsonwood Hill,Whitwick,Coalville,Leicestershire,LE67 5AT,http://www.whitwickce.leics.sch.uk,1530832116.0,Mrs,Helen,Noon,Headteacher,Church of England,Mixed,Primary,,North West Leicestershire,120171
Wymeswold Church of England Primary School,Voluntary controlled school,Open,Brook Street,,Loughborough,Leicestershire,LE12 6TU,http://www.wymeswold.leics.sch.uk,1509880561.0,Mrs,Jan,Scallon,Headteacher,Church of England,Mixed,Primary,,Loughborough,120174
Hathern Church of England Primary School,Voluntary controlled school,Open,Pasture Lane,Hathern,Loughborough,Leicestershire,LE12 5LJ,www.hathernprimary.org/,1509842569.0,Mr,Stuart,Bailey,Headteacher,Church of England,Mixed,Primary,,Loughborough,120175
Hallaton Church of England Primary School,Voluntary controlled school,Open,Churchgate,Hallaton,Market Harborough,Leicestershire,LE16 8TY,www.hallatonprimary.co.uk/,1858555629.0,Mrs,Claire,Stevens,Headteacher,Church of England,Mixed,Primary,,Rutland and Stamford,120176
St Barnabas CofE Primary School,Voluntary controlled school,Open,St Barnabas Road,,Leicester,Leicestershire,LE5 4BD,www.st-barnabas.leicester.sch.uk/,1162767612.0,Mr,Steve,Nash,Headteacher,Church of England,Mixed,Primary,01/01/1900,Leicester East,120187
Ashby-de-la-Zouch Church of England Primary School,Voluntary controlled school,Open,Burton Road,,Ashby-de-la-Zouch,Leicestershire,LE65 2LL,http://www.ashbyce.leics.sch.uk/,1530412243.0,Co Headteacher,Shelly Geeson,Jo Trahearn,Headteacher,Church of England,Mixed,Primary,,North West Leicestershire,120190
Kilby St Mary's Church of England Primary School,Voluntary aided school,Open,Main Street,Kilby,Wigston,Leicestershire,LE18 3TD,www.kilby.leics.sch.uk,1162402434.0,Miss,Rebecca,Hartshorne,Headteacher,Church of England,Mixed,Primary,,South Leicestershire,120195
Thurlaston Church of England Primary School,Voluntary aided school,Open,Desford Road,Thurlaston,Leicester,Leicestershire,LE9 7TE,http://www.thurlaston.leics.sch.uk/,1455888243.0,Mr,Gavin,Beetham,Headteacher,Church of England,Mixed,Primary,,South Leicestershire,120201
St John the Baptist CofE Primary School,Voluntary aided school,Open,East Avenue,,Leicester,Leicestershire,LE2 1TE,www.st-john.leicester.sch.uk/,1162709932.0,Mrs,Trudie,Colotto,Headteacher,Church of England,Mixed,Primary,,Leicester South,120230
Crown Hills Community College,Community school,Open,Gwendolen Road,,Leicester,Leicestershire,LE5 5FT,http://www.crownhills.com/,1162736893.0,Mr,F,Adam,Headteacher,Does not apply,Mixed,Secondary,,Leicester South,120277
Beaumont Leys School,Community school,Open,Anstey Lane,,Leicester,Leicestershire,LE4 0FL,http://www.beaumontleys.leicester.sch.uk/,1162344480.0,Mrs,Dawn,Parkinson,Headteacher,Does not apply,Mixed,Secondary,,Leicester West,120281
Moat Community College,Community school,Open,Maidstone Road,,Leicester,Leicestershire,LE2 0TU,https://moat.leicester.sch.uk,1162625705.0,Mr,Brian,Killeen,Principal,Does not apply,Mixed,Secondary,01/01/1900,Leicester South,120292
Fullhurst Community College,Foundation school,Open,Imperial Avenue,,Leicester,Leicestershire,LE3 1AH,http://www.fullhurst.leicester.sch.uk/,1162824326.0,Mrs,Christina,Bailey,Headteacher,,Mixed,Secondary,,Leicester West,120298
Maplewell Hall School,Community special school,Open,Maplewell Road,Woodhouse Eaves,Loughborough,Leicestershire,LE12 8QY,www.maplewell.leics.sch.uk,1509890237.0,Mr,Jason,Brooks,Headteacher,Does not apply,Mixed,Not applicable,,Mid Leicestershire,120348
Ashmount School,Community special school,Open,Thorpe Hill,,Loughborough,Leicestershire,LE11 4SQ,http://www.ashmount.leics.sch.uk,1509268506.0,Mr,David,Deacon,Head Teacher,Does not apply,Mixed,Not applicable,,Loughborough,120352
Nether Hall School,Foundation special school,Open,Keyham Lane West,,Leicester,Leicestershire,LE5 1RT,https://www.netherhall.leicester.sch.uk/,1162417258.0,Ms,Sarah,Naylor,Headteacher,Does not apply,Mixed,Not applicable,,Leicester East,120361
The Children's Hospital School,Foundation special school,Open,University Hospitals of Leicester NHS Trust,Leicester Royal Infirmary,Leicester,Leicestershire,LE1 5WW,www.childrenshospitalschool.leicester.sch.uk,1162298137.0,Mr,Stephen,Deadman,Headteacher,Does not apply,Mixed,Not applicable,,Leicester South,120363
Clipston Endowed Voluntary Controlled Primary School,Voluntary controlled school,Open,High Street,Clipston,Market Harborough,Leicestershire,LE16 9RU,www.clipstonprimaryschool.org,1858525261.0,Mrs,Emma,Mercer,Headteacher,Church of England,Mixed,Primary,,Daventry,122013
Lantern Lane Primary and Nursery School,Community school,Open,Lantern Lane,East Leake,Loughborough,Leicestershire,LE12 6QN,www.lanternlane.notts.sch.uk,1509820112.0,Mr,Peter,Fowlie,Headteacher,Does not apply,Mixed,Primary,,Rushcliffe,122636
Willoughby Primary School,Community school,Open,Church Lane,Willoughby-on-the-Wolds,Loughborough,Leicestershire,LE12 6SS,www.willoughby.notts.sch.uk,1509880620.0,Mrs,Joanne,Linnett,Headteacher,Does not apply,Mixed,Primary,,Rushcliffe,122681
Costock CofE Primary School,Voluntary controlled school,Open,Main Street,Costock,Loughborough,Leicestershire,LE12 6XD,http://www.costock.notts.sch.uk,1509852084.0,Mrs,Jane Elizabeth,Mellor,Headteacher,Church of England,Mixed,Primary,,Rushcliffe,122756
Wolvey CofE Primary School,Voluntary controlled school,Open,Bulkington Road,Wolvey,Hinckley,Leicestershire,LE10 3LA,www.wolveyschool.co.uk/,1455220279.0,Mr,Andrew,Edwards (Executive Headteacher) Mr Matthew Parker (Head of School),Headteacher,Church of England,Mixed,Primary,,Rugby,125677
Madani Girls' School,Voluntary aided school,Open,77 Evington Valley Road,,Leicester,Leicestershire,LE5 5LL,https://madani.school,1162498080.0,Mr,Riyaz,Laher,Headteacher,Muslim,Girls,Secondary,01/09/2007,Leicester South,129645
Oaklands School,Community special school,Open,Whitehall Road,Evington,Leicester,Leicestershire,LE5 6GJ,,1162415921.0,Mrs,Sarah,Osborne,Head Teacher,Does not apply,Mixed,Not applicable,01/09/1995,Leicester East,130353
Ellesmere College,Community special school,Open,40 Braunstone Lane East,,Leicester,Leicestershire,LE3 2FD,www.ellesmerecollege.org.uk,1162894242.0,Principal,Stephanie,Beale,Co-Principal,Does not apply,Mixed,Not applicable,01/09/1995,Leicester West,130371
Dovelands Primary School,Community school,Open,Hinckley Road,,Leicester,Leicestershire,LE3 0TJ,www.dovelands.leicester.sch.uk/,1162857716.0,Miss,Jenny,Slinger,Headteacher,Does not apply,Mixed,Primary,01/09/1996,Leicester West,130927
Avenue Primary School,Community school,Open,Avenue Road Extension,,Leicester,Leicestershire,LE2 3EJ,www.avenue.leicester.sch.uk/,1162708326.0,Mrs,Jennifer,Goddard,Headteacher,Does not apply,Mixed,Primary,01/09/2006,Leicester South,131002
West Gate School,Foundation special school,Open,Glenfield Road,,Leicester,Leicestershire,LE3 6DG,www.westgate.leicester.sch.uk,1162552187.0,Mrs,Rhian,Richardson,Headteacher,Does not apply,Mixed,Not applicable,01/01/2006,Leicester West,131099
Glebelands Primary School,Community school,Open,Chancel Road,,Leicester,Leicestershire,LE4 2WF,www.glebelands.leicester.sch.uk/,1162340010.0,Mr,Mark,Kitchener,Headteacher,Does not apply,Mixed,Primary,01/09/1998,Leicester West,131513
Leicester Partnership School,Pupil referral unit,Open,Carisbrooke Gardens,,Leicester,Leicestershire,LE2 3PR,www.lps.leicester.sch.uk,1163033281.0,Mr,Shaun,Whittingham,Head Teacher,Does not apply,Mixed,Not applicable,24/04/2006,Leicester South,131535
New College Leicester,Foundation school,Open,Glenfield Road,,Leicester,,LE3 6DN,www.newcollege.leicester.sch.uk,1162318500.0,Mr,J,Aldred,Principal,,Mixed,Secondary,01/09/1999,Leicester West,131945
Caldecote Community Primary School,Community school,Open,164 Hallam Crescent East,Braunstone,Leicester,Leicestershire,LE3 1FF,www.caldecote.leicester.sch.uk/,1162824482.0,Mr,Mathew,Alcock,Headteacher,Does not apply,Mixed,Primary,01/09/2001,Leicester West,132211
Greenfield Primary School,Community school,Open,Gwendoline Drive,Countesthorpe,Leicester,Leicestershire,LE8 5SG,http://greenfieldprimary.net/,1162773584.0,Mr,Colin,Bowpitt,Executive Head Teacher,Does not apply,Mixed,Primary,09/01/2001,South Leicestershire,132226
Elmbrook School,Pupil referral unit,Open,231 Netherhall Road,,Leicester,,LE5 1DT,www.pru.leicester.sch.uk,1162081470.0,Mrs,Nicola,Anderson,Headteacher,Does not apply,Mixed,Not applicable,13/11/2000,Leicester East,132824
Rolleston Primary School,Community school,Open,Hillsborough Road,,Leicester,Leicestershire,LE2 9PT,www.rolleston.leicester.sch.uk,1162782300.0,Co Headteacher,Dwayne,Toon,,Does not apply,Mixed,Primary,01/09/2004,Leicester South,134305
Birch Wood (Melton Area Special School),Community special school,Open,Grange Drive,,Melton Mowbray,Leicestershire,LE13 1HA,www.birchwoodschool.co.uk,1664483340.0,Mr,Philip,Leaney,Headteacher,Does not apply,Mixed,Not applicable,01/09/2004,Melton and Syston,134640
Oakfield School,Pupil referral unit,Open,Forest Street,(Within the Iveshead Campus),Shepshed,Leicestershire,LE12 9DB,www.oakfield.leics.sch.uk/,1162759150.0,Mr,Lewis Pegg,Craig Collins,Acting Headteacher,Does not apply,Mixed,Not applicable,01/04/2011,Loughborough,136754
Krishna Avanti Primary School,Free schools,Open,Spencefield Lane,Evington,Leicester,Leicestershire,LE5 6HN,https://avanti.org.uk/kapsleicester/,1162419880.0,Miss,Vanessa,Bardsley,Principal,Hindu,Mixed,Primary,01/09/2011,Leicester East,136930
Lutterworth High School,Academy converter,Open,Woodway Road,,Lutterworth,Leicestershire,LE17 4QH,http://www.lutterworthhigh.co.uk,1455552710.0,Mr,Julian,Kirby,Headteacher,Does not apply,Mixed,Secondary,01/08/2011,South Leicestershire,137115
Manor High School,Academy converter,Open,Copse Close,Oadby,Leicester,Leicestershire,LE2 4FU,http://www.manorhigh.leics.sch.uk/,1162714941.0,Mr,Simon,Greiff,Headteacher,Does not apply,Mixed,Secondary,01/08/2011,"Harborough, Oadby and Wigston",137120
The Robert Smyth Academy,Academy converter,Open,Burnmill Road,,Market Harborough,Leicestershire,LE16 7JG,http://www.robertsmyth.tgacademy.org.uk,1858440770.0,Mr,Daniel,Cleary,Acting Principal,Does not apply,Mixed,Secondary,01/08/2011,"Harborough, Oadby and Wigston",137161
Welland Park Academy,Academy converter,Open,Welland Park Road,,Market Harborough,Leicestershire,LE16 9DR,http://wellandparkacademy.co.uk/,1858464795.0,Principal,Pete,Leatherland,Headteacher,Does not apply,Mixed,Secondary,01/08/2011,"Harborough, Oadby and Wigston",137170
Limehurst Academy,Academy converter,Open,Bridge Street,,Loughborough,Leicestershire,LE11 1NH,http://www.limehurst.org.uk,1509263444.0,Mr,Jonathan,Mellor,Headteacher,Does not apply,Mixed,Secondary,01/09/2011,Loughborough,137367
Woodbrook Vale School,Academy converter,Open,Grasmere Road,,Loughborough,Leicestershire,LE11 2ST,http://www.wbvs.co.uk,1509557560.0,Mrs,Rachael,Fraser,Headteacher,Does not apply,Mixed,Secondary,01/09/2011,Loughborough,137401
Kibworth Mead Academy,Academy converter,Open,Smeeton Road,Kibworth,Leicester,Leicestershire,LE8 0LG,www.kibworth-tmet.uk,1162792238.0,Mr,Steve,Piggott,Headteacher,Does not apply,Mixed,Secondary,01/10/2011,"Harborough, Oadby and Wigston",137540
John Ferneley College,Academy converter,Open,Scalford Road,,Melton Mowbray,Leicestershire,LE13 1LH,http://www.johnferneley.org,1664565901.0,Mr,Terry,Claridge,Headteacher,Does not apply,Mixed,Secondary,01/11/2011,Melton and Syston,137617
Rawlins,Academy converter,Open,Loughborough Road,Quorn,Loughborough,Leicestershire,LE12 8DY,http://www.rawlins.embracemat.org,1509622800.0,,Bob,White,Principal,Church of England,Mixed,Secondary,01/11/2011,Loughborough,137640
Humphrey Perkins School,Academy converter,Open,Cotes Road,Barrow-upon-Soar,Loughborough,Leicestershire,LE12 8JU,www.humphreyperkins.org.uk,1509412385.0,Principal,Jennifer,Piper-Gale,Headteacher,Does not apply,Mixed,Secondary,01/01/2012,Loughborough,137799
The Martin High School Anstey,Academy converter,Open,Link Road,Anstey,Leicester,Leicestershire,LE7 7EB,www.martinhigh.org.uk,1162363291.0,Mrs,Laura,Sanchez,Headteacher,Does not apply,Mixed,Secondary,01/02/2012,Mid Leicestershire,137828
Forest Way School,Academy special converter,Open,Warren Hills Road,,Coalville,Leicestershire,LE67 4UU,www.forestway.leics.sch.uk,1530831899.0,Mrs,Gail,Seaton,Headteacher,Does not apply,Mixed,Not applicable,01/03/2012,North West Leicestershire,137905
South Wigston High School,Academy converter,Open,St Thomas Road,,Wigston,Leicestershire,LE18 4TA,www.southwigston.leics.sch.uk,1162782388.0,Ms,Sara-Jayne,Fletcher,Headteacher,,Mixed,Secondary,01/03/2012,"Harborough, Oadby and Wigston",137931
Glen Hills Primary School,Academy converter,Open,Featherby Drive,Glen Parva,Leicester,Leicestershire,LE2 9NY,www.glen-hills.leics.sch.uk/,1162782535.0,Mrs,Rebecca,Wesley,Headteacher,Does not apply,Mixed,Primary,01/03/2012,South Leicestershire,137932
Fairfield Community Primary School,Academy converter,Open,Cheshire Drive,South Wigston,Wigston,Leicestershire,LE18 4WA,http://www.fairfieldcpschool.co.uk,1162782424.0,Mr,Mark,Tuckwell,Executive Headteacher,Does not apply,Mixed,Primary,01/03/2012,"Harborough, Oadby and Wigston",137933
Redmoor Academy,Academy converter,Open,Wykin Road,,Hinckley,Leicestershire,LE10 0EP,http://www.redmooracademy.org/,1455230731.0,Mr,Matthew,Nicolle,Acting Principal,Does not apply,Mixed,Secondary,01/04/2012,Hinckley and Bosworth,137968
Bosworth Academy,Academy converter,Open,Leicester Lane,Desford,Leicester,Leicestershire,LE9 9JL,http://www.bosworthacademy.org.uk,1455822841.0,Mr,Simon,Brown,Executive Headteacher,,Mixed,Secondary,01/04/2012,Hinckley and Bosworth,137969
Wreake Valley Academy,Academy converter,Open,Parkstone Road,Syston,Leicester,Leicestershire,LE7 1LY,https://www.wreake.bepschools.org/,1162641080.0,Mr,Ben,Rackley,Principal,Does not apply,Mixed,Secondary,01/04/2012,Melton and Syston,137983
Wigston Academy,Academy converter,Open,Station Road,,Wigston,Leicestershire,LE18 2DT,www.wigstonacademy.org,1162881228.0,Mr,Michael,Wilson,,,Mixed,Secondary,01/04/2012,"Harborough, Oadby and Wigston",137984
The Roundhill Academy,Academy converter,Open,997 Melton Road,Thurmaston,Leicester,Leicestershire,LE4 8GQ,www.roundhill.bepschools.org,1162693896.0,Mrs,Natalie,Teece,Principal,Does not apply,Mixed,Secondary,01/04/2012,Melton and Syston,138079
St Joseph's Catholic Voluntary Academy,Academy converter,Open,Coventry Road,,Market Harborough,Leicestershire,LE16 9BZ,http://www.stjosephs.leics.sch.uk,1858465359.0,Mrs,Bernadette,Dabbs,Headteacher,Roman Catholic,Mixed,Primary,01/04/2012,"Harborough, Oadby and Wigston",138080
Sacred Heart Catholic Voluntary Academy,Academy converter,Open,Mere Close,Off Mere Road,Leicester,Leicestershire,LE5 3HH,www.sacredheart.leicester.sch.uk,1162624418.0,Mrs,Alison,James,Headteacher,Roman Catholic,Mixed,Primary,01/04/2012,Leicester East,138081
"Saint John Fisher Catholic Voluntary Academy, Wigston, Leicestershire",Academy converter,Open,Shenley Road,,Wigston,Leicestershire,LE18 3QL,www.stjohnfisher-wigston.leics.sch.uk,1162882203.0,Mr,A,Gallagher,Headteacher,Roman Catholic,Mixed,Primary,01/04/2012,"Harborough, Oadby and Wigston",138090
Ash Field Academy,Academy special converter,Open,Broad Avenue,,Leicester,,LE5 4PY,www.ashfield.leicester.sch.uk,1162737151.0,Miss,Tracey,Lawrence,Principal,Does not apply,Mixed,Not applicable,01/04/2012,Leicester South,138094
St Josephs Catholic Academy,Academy converter,Open,Armadale Drive,,Leicester,Leicestershire,LE5 1HF,http://www.st-josephs.leicester.sch.uk,1162416197.0,Mrs,Clair,Dedman,Headteacher,Roman Catholic,Mixed,Primary,01/05/2012,Leicester East,138115
Lutterworth College,Academy converter,Open,Bitteswell Road,,Lutterworth,Leicestershire,LE17 4EW,www.lutterworthcollege.com,1455554101.0,Mr,Dominic,Lane,Headteacher,Church of England,Mixed,Secondary,01/06/2012,South Leicestershire,138150
Stafford Leys Community Primary School,Academy converter,Open,Stafford Leys,Leicester Forest East,Leicester,Leicestershire,LE3 3LJ,www.staffordleys.bepschools.org,1162392482.0,Mr,Andrew,Kitchen,Headteacher,Does not apply,Mixed,Primary,01/06/2012,Mid Leicestershire,138154
Gartree High School,Academy converter,Open,Ridge Way,Oadby,Leicester,Leicestershire,LE2 5TQ,http://www.gartree.leics.sch.uk,1162717421.0,,William Carter,Edward Wilson,Headteacher,Does not apply,Mixed,Secondary,01/06/2012,"Harborough, Oadby and Wigston",138155
Dorothy Goodman School Hinckley,Academy special converter,Open,Stoke Road,,Hinckley,Leicestershire,LE10 0EA,www.dorothygoodman.co.uk,1455634582.0,,Kelly,Dryden,Principal,Does not apply,Mixed,Not applicable,01/06/2012,Hinckley and Bosworth,138156
The Meadow Community Primary School,Academy converter,Open,Meadow Way,Wigston Magna,Wigston,Leicestershire,LE18 3QZ,www.meadowcommunity.co.uk,1162887227.0,Mrs,Louise Allen,Mrs Charlie Smith,Headteacher,Does not apply,Mixed,Primary,01/06/2012,"Harborough, Oadby and Wigston",138173
St Thomas More Catholic Voluntary Academy,Academy converter,Open,Newstead Road,,Leicester,Leicestershire,LE2 3TA,www.thomasmoreprimary.org.uk/,1162706365.0,Mrs,Charlotte,Crosse,Headteacher,Roman Catholic,Mixed,Primary,01/06/2012,Leicester South,138185
Sacred Heart Catholic Voluntary Academy,Academy converter,Open,Beacon Road,,Loughborough,Leicestershire,LE11 2BG,http://sacredheartacademy.org.uk,1509212204.0,Mrs,Lucy,Gunton,Headteacher,Roman Catholic,Mixed,Primary,01/07/2012,Loughborough,138294
"Saint Mary's Catholic Primary School, Loughborough",Academy converter,Open,Hastings Street,,Loughborough,Leicestershire,LE11 5AX,www.stmarys-rc.leics.sch.uk,1509212621.0,Miss,Priscilla,Jordan,Headteacher,Roman Catholic,Mixed,Primary,01/07/2012,Loughborough,138295
"Saint Clare's Primary School A Catholic Voluntary Academy, Coalville, Leicestershire",Academy converter,Open,Convent Drive,,Coalville,Leicestershire,LE67 3SF,www.st-clares.leics.sch.uk/,1530837747.0,Mrs,Judy,Beer,Headteacher,Roman Catholic,Mixed,Primary,01/07/2012,North West Leicestershire,138296
Holy Cross School A Catholic Voluntary Academy,Academy converter,Open,Parsonwood Hill,Whitwick,Coalville,Leicestershire,LE67 5AT,www.holycrosswhitwick.co.uk,1530832799.0,Mrs,Catherine,Murphy,Headteacher,Roman Catholic,Mixed,Primary,01/07/2012,North West Leicestershire,138297
De Lisle College Loughborough Leicestershire,Academy converter,Open,Thorpe Hill,,Loughborough,Leicestershire,LE11 4SQ,http://www.delisle.leics.sch.uk/,1509268739.0,Mr,Chris,Maher,Headteacher,Roman Catholic,Mixed,Secondary,01/07/2012,Loughborough,138298
"Saint Winefride's Catholic Voluntary Academy, Shepshed, Leicestershire",Academy converter,Open,Britannia Street,Shepshed,Loughborough,Leicestershire,LE12 9AE,http://www.winefrides-rc.leics.sch.uk,1509503353.0,Mrs,Catherine,Murphy,Headteacher,Roman Catholic,Mixed,Primary,01/07/2012,Loughborough,138299
The Newbridge School,Academy converter,Open,Forest Road,,Coalville,Leicestershire,LE67 3SJ,http://www.newbridge.org.uk,1530831561.0,Mr,Michael Gamble /,Michael Rowbottom,Headteacher,Does not apply,Mixed,Secondary,01/07/2012,North West Leicestershire,138301
Huncote Primary School,Academy converter,Open,Denman Lane,Huncote,Leicester,Leicestershire,LE9 3BS,www.huncoteprimary.org,1162864105.0,,Sally,Houghton,Headteacher,Does not apply,Mixed,Primary,01/07/2012,South Leicestershire,138321
Brookvale Groby Learning Campus,Academy converter,Open,Ratby Road,Groby,Leicester,Leicestershire,LE6 0FP,http://www.brookvalegroby.com/,1162879921.0,Mr,Will,Teece,Headteacher,Does not apply,Mixed,Secondary,01/07/2012,Mid Leicestershire,138323
Heath Lane Academy,Academy converter,Open,Heath Lane,Earl Shilton,Leicester,Leicestershire,LE9 7PD,https://www.heathlaneacademy.org.uk,1455845061.0,Mr,Mark,Trimingham,Principal,Does not apply,Mixed,Secondary,01/07/2012,Hinckley and Bosworth,138327
Farndon Fields Primary School,Academy converter,Open,Argyle Park,,Market Harborough,Leicestershire,LE16 9JH,www.farndonfields.org,1858464744.0,Ms,Simone,Harrison,Headteacher,Does not apply,Mixed,Primary,01/07/2012,"Harborough, Oadby and Wigston",138345
Meadowdale Primary School,Academy converter,Open,Meadowdale Road,,Market Harborough,Leicestershire,LE16 7XQ,www.meadowdale.info/,1858465479.0,Ms,Elizabeth,Martin,Headteacher,Does not apply,Mixed,Primary,01/07/2012,"Harborough, Oadby and Wigston",138346
Ridgeway Primary Academy,Academy converter,Open,The Ridgeway,,Market Harborough,Leicestershire,LE16 7HQ,www.ridgewayprimary.org.uk,1858465800.0,Mrs,Sarah,Bishop,Headteacher,Does not apply,Mixed,Primary,01/07/2012,"Harborough, Oadby and Wigston",138347
Parkland Primary School South Wigston,Academy converter,Open,St Thomas Road,,Wigston,Leicestershire,LE18 4TA,www.parklandprimary.co.uk/,1162782142.0,Mr,Andrew,Hayes,Headteacher,Does not apply,Mixed,Primary,01/07/2012,"Harborough, Oadby and Wigston",138348
Ivanhoe School,Academy converter,Open,North Street,,Ashby-de-la-Zouch,Leicestershire,LE65 1HX,http://www.ivanhoe.co.uk/,1530412756.0,Mrs,Alison,Allford,Headteacher,Does not apply,Mixed,Secondary,01/07/2012,North West Leicestershire,138350
Kibworth Church of England Primary School,Academy converter,Open,Hillcrest Avenue,Kibworth,Leicester,Leicestershire,LE8 0NH,www.kibprimary.leics.sch.uk,1162792485.0,Mrs,Nikki,Matthew,Headteacher,Church of England,Mixed,Primary,01/07/2012,"Harborough, Oadby and Wigston",138358
"Great Bowden Academy, A Church of England Primary School",Academy converter,Open,Gunnsbrook Close,Great Bowden,Market Harborough,Leicestershire,LE16 7HZ,www.greatbowden.leics.sch.uk,1858463216.0,Mrs,Sarah,Bishop,Headteacher,Church of England,Mixed,Primary,01/07/2012,"Harborough, Oadby and Wigston",138359
The Castle Rock School,Academy converter,Open,Meadow Lane,,Coalville,Leicestershire,LE67 4BR,https://www.castlerock.org.uk/,1530834368.0,Mrs,Roma,Dhameja,Headteacher,Does not apply,Mixed,Secondary,01/08/2012,North West Leicestershire,138478
Brockington College,Academy converter,Open,Blaby Road,Enderby,Leicester,Leicestershire,LE19 4AQ,www.brockington.leics.sch.uk,1162863722.0,Mrs,Sadie,Batstone,Headteacher,Church of England,Mixed,Secondary,01/08/2012,South Leicestershire,138521
Thomas Estley Community College,Academy converter,Open,Station Road,Broughton Astley,Leicester,Leicestershire,LE9 6PT,http://www.thomasestley.org.uk/,1455283263.0,Mrs,Mandi,Collins,Principal,Does not apply,Mixed,Secondary,01/08/2012,South Leicestershire,138527
Cosby Primary School,Academy converter,Open,Portland Street,Cosby,Leicester,Leicestershire,LE9 1TE,http://www.cosby.school,1162863103.0,Mrs,Lorna,Townsend,Headteacher,Does not apply,Mixed,Primary,01/08/2012,South Leicestershire,138528
Queensmead Primary Academy,Academy sponsor led,Open,Winstanley Drive,Braunstone,Leicester,Leicestershire,LE3 1PF,http://www.queensmeadacademy.org,1162858518.0,,Liz,Latham,Headteacher,,Mixed,Primary,01/11/2012,Leicester West,138553
Long Field Spencer Academy,Academy converter,Open,Ambleside Way,,Melton Mowbray,Leicestershire,LE13 0BN,http://www.longfieldtrust.org.uk,1664561234.0,Mr,Christopher,Haggett,Principal,,Mixed,Secondary,01/09/2012,Melton and Syston,138628
Ibstock School,Academy converter,Open,Central Avenue,,Ibstock,Leicestershire,LE67 6NE,http://www.ibstockschool.co.uk,1530260705.0,Mrs,Nicola,Koncarevic,Principal,Does not apply,Mixed,Secondary,01/09/2012,North West Leicestershire,138721
Ashby Hill Top Primary School,Academy converter,Open,Beaumont Avenue,,Ashby-de-la-Zouch,Leicestershire,LE65 2NF,www.ashbyhilltop.leics.sch.uk,1530415736.0,Mrs,Sylvie,Newman,Headteacher,Does not apply,Mixed,Primary,01/10/2012,North West Leicestershire,138804
Broomfield Community Primary School,Academy converter,Open,Ploughmans Lea,East Goscote,Leicester,Leicestershire,LE7 3ZQ,www.broomfield.bepschools.org,1162606704.0,Miss,Alex,Allison,Headteacher,Does not apply,Mixed,Primary,01/10/2012,Melton and Syston,138805
Eastfield Primary School,Academy converter,Open,Eastfield Road,Thurmaston,Leicester,Leicestershire,LE4 8FP,www.eastfield.bepschools.org,1162694692.0,Mr,Timothy,Gilbert,Headteacher,Does not apply,Mixed,Primary,01/10/2012,Melton and Syston,138806
Gaddesby Primary School,Academy converter,Open,Ashby Road,Gaddesby,Leicester,Leicestershire,LE7 4WF,http://www.gaddesby.bepschools.org/,1664840253.0,Mr,Leigh,Fox,Headteacher,Does not apply,Mixed,Primary,01/10/2012,Melton and Syston,138807
Lady Jane Grey Primary School,Academy converter,Open,Wolsey Close,Groby,Leicester,Leicestershire,LE6 0ZA,www.ladyjanegreyprimary.org.uk/,1162320031.0,,Michael,Fitzgerald,Headteacher,Does not apply,Mixed,Primary,01/10/2012,Mid Leicestershire,138809
The Merton Primary School,Academy converter,Open,Cherry Drive,Syston,Leicester,Leicestershire,LE7 2PT,www.merton.bepschools.org,1162608150.0,Mr,Patrick,Betts,Headteacher,Does not apply,Mixed,Primary,01/10/2012,Melton and Syston,138818
The Pochin School,Academy converter,Open,School Lane,Barkby,Leicester,Leicestershire,LE7 3QL,www.pochin.bepschools.org,1162692078.0,Miss,Melanie,Evans,Headteacher,,Mixed,Primary,01/10/2012,Melton and Syston,138838
Madani Boys School,Voluntary aided school,Open,77 Evington Valley,,Leicester,Leicestershire,LE5 5LL,https://madani.school,1162498080.0,Mr,Riyaz,Laher,Headteacher,Muslim,Boys,Secondary,01/09/2012,Leicester South,138869
Broom Leys School,Academy converter,Open,Broom Leys Road,,Coalville,Leicestershire,LE67 4DB,http://www.broomleys.org.uk,1530832234.0,Mr,Robert,Prior,Headteacher,Does not apply,Mixed,Primary,01/11/2012,North West Leicestershire,138891
Wigston College,Academy converter,Open,Station Road,,Wigston,Leicestershire,LE18 2DS,www.wigstoncollege.org,1162881611.0,Mr,Michael,Wilson,,Does not apply,Mixed,Secondary,01/11/2012,"Harborough, Oadby and Wigston",138894
St Michael & All Angels Church of England Primary School,Academy converter,Open,Brookside,Rearsby,Leicester,Leicestershire,LE7 4YB,www.stmichaels.leics.sch.uk,1664424453.0,Mr,Neil,Bardsley,Headteacher,Church of England,Mixed,Primary,01/11/2012,Melton and Syston,138902
Holywell Primary School,Academy converter,Open,Berkeley Road,,Loughborough,Leicestershire,LE11 3SJ,http://www.holywell.leics.sch.uk/,1509231347.0,Mr,Ed,Petrie,Headteacher,Does not apply,Mixed,Primary,01/11/2012,Loughborough,138906
Rendell Primary School,Academy converter,Open,Rendell Street,,Loughborough,Leicestershire,LE11 1LL,http://www.rendellps.leics.sch.uk,1509263497.0,Mrs,Karen,Rixon,Headteacher,Does not apply,Mixed,Primary,01/11/2012,Loughborough,138908
Thrussington Church of England Primary School,Academy converter,Open,Hoby Road,Thrussington,Leicester,Leicestershire,LE7 4TH,http://www.thrussington.leics.sch.uk/,1664424421.0,Headteacher,Hannah,Roddy,Headteacher,Church of England,Mixed,Primary,01/11/2012,Melton and Syston,138926
Church Hill Infant School,Academy converter,Open,Church Hill Road,Thurmaston,Leicester,Leicestershire,LE4 8DE,https://www.churchhillinfants.bepschools.org,1162692083.0,Mrs,Claire,Elliott,Headteacher,Does not apply,Mixed,Primary,01/11/2012,Melton and Syston,138929
Church Hill Church of England Junior School,Academy converter,Open,Church Hill Road,Thurmaston,Leicester,Leicestershire,LE4 8DE,www.churchhill-jun.leics.sch.uk,1162692509.0,Mrs,Diane,Brown,Headteacher,Church of England,Mixed,Primary,01/11/2012,Melton and Syston,138930
Queniborough Church of England Primary School,Academy converter,Open,Coppice Lane,Queniborough,Leicester,Leicestershire,LE7 3DR,www.quenischool.org.uk,1162606700.0,Mrs,Hannah,Roddy,Headteacher,Church of England,Mixed,Primary,01/11/2012,Melton and Syston,138931
East Leake Academy,Academy converter,Open,Lantern Lane,East Leake,Loughborough,Leicestershire,LE12 6QN,http://www.eastleake-ac.org.uk,1509852424.0,Mr,David,Vernon,Principal,Does not apply,Mixed,Secondary,01/11/2012,Rushcliffe,138964
Barwell Church of England Academy,Academy converter,Open,High Street,Barwell,Leicester,Leicestershire,LE9 8DS,www.barwellceacademy.co.uk,1455842047.0,Miss,Victoria,Newman,Head Teacher,Church of England,Mixed,Primary,01/11/2012,Hinckley and Bosworth,138965
Millfield L.E.A.D. Academy,Academy sponsor led,Open,Hat Road,Braunstone Town,Leicester,,LE3 2WF,www.millfieldacademy.co.uk,1162897151.0,Mr,Peter,Wood,,Does not apply,Mixed,Primary,01/01/2013,Mid Leicestershire,138999
Beacon Academy,Academy sponsor led,Open,Woodthorpe Road,,Loughborough,Leicestershire,LE11 2NF,www.thebeaconacademy.org,1509212227.0,Mr,Ben,Kilgannon,Headteacher,Does not apply,Mixed,Primary,01/12/2012,Loughborough,139005
Mountfields Lodge School,Academy converter,Open,Epinal Way,,Loughborough,Leicestershire,LE11 3GE,https://www.mountfields.bepschools.org/,1509214119.0,Mrs,Iona,Mock,Headteacher,Does not apply,Mixed,Primary,01/12/2012,Loughborough,139034
Outwoods Edge Primary School,Academy converter,Open,21 Redwood Road,,Loughborough,Leicestershire,LE11 2LD,http://www.outwoodsedge.leics.sch.uk,1509216177.0,Mr,Matthew,Peet,Headteacher,Does not apply,Mixed,Primary,01/12/2012,Loughborough,139038
St Mary's Church of England Primary School,Academy sponsor led,Open,Brampton Road,,Melton Mowbray,Leicestershire,LE13 0NA,www.st-marys-school.co.uk/,1664562500.0,Mrs,Laura,Oakes,,Church of England,Mixed,Primary,01/03/2013,Melton and Syston,139194
St Simon and St Jude CofE Primary School,Academy sponsor led,Open,Astley Road,,Leicester,,LE9 7AE,http://www.stsimonandstjude.leics.sch.uk,1455842138.0,Mrs,Rebecca,Dolby-Molson,Headteacher,Church of England,Mixed,Primary,01/03/2013,Hinckley and Bosworth,139200
Ratby Primary School,Academy converter,Open,Main Street,Ratby,Leicester,Leicestershire,LE6 0LN,www.ratby.bepschools.org,1162393610.0,Mrs,Anne,Perry,Headteacher,Does not apply,Mixed,Primary,01/02/2013,Mid Leicestershire,139284
Stonebow Primary School Loughborough,Academy converter,Open,Stonebow Close,,Loughborough,Leicestershire,LE11 4ZH,http://www.stonebow.leics.sch.uk/,1509646217.0,Mr,Paul,Brockless,Headteacher,Does not apply,Mixed,Primary,01/02/2013,Loughborough,139287
Asfordby Hill Primary School,Academy converter,Open,Melton Road,Asfordby Hill,Melton Mowbray,Leicestershire,LE14 3QX,www.asfordbyhill.leics.sch.uk,1664812244.0,Mrs,Philippa,Millward,Headteacher,Does not apply,Mixed,Primary,01/03/2013,Melton and Syston,139340
Swallowdale Primary School and Community Centre,Academy converter,Open,Dalby Road,,Melton Mowbray,Leicestershire,LE13 0BJ,www.swallowdale.bepschools.org,1664565456.0,Mrs,Samantha,Harries,Headteacher,Does not apply,Mixed,Primary,01/03/2013,Melton and Syston,139341
Great Dalby School,Academy converter,Open,Top End,Great Dalby,Melton Mowbray,Leicestershire,LE14 2HA,http://www.greatdalbyprimaryschool.co.uk,1664562750.0,Mr,Nick,Sale,Headteacher,Does not apply,Mixed,Primary,01/03/2013,Melton and Syston,139342
Red Hill Field Primary School,Academy converter,Open,Copt Oak Road,Narborough,Leicester,Leicestershire,LE19 3EF,http://www.redhillfield.com,1162841500.0,Mr,Stephen,Snelson,Headteacher,Does not apply,Mixed,Primary,01/03/2013,South Leicestershire,139344
St Peter and St Paul Church of England Academy,Academy converter,Open,Upper Church Street,Syston,Leicester,Leicestershire,LE7 1HR,www.spspacademy.org/,1162607577.0,Mrs,Sophie,Moss,Headteacher,Church of England,Mixed,Primary,01/03/2013,Melton and Syston,139349
Cobden Primary School & Community Centre,Academy converter,Open,Cobden Street,,Loughborough,Leicestershire,LE11 1AF,https://www.cobden.bepschools.org/,1509263485.0,Mrs,Kate,Litchfield,Headteacher,Does not apply,Mixed,Primary,01/03/2013,Loughborough,139366
Mercenfeld Primary School,Academy converter,Open,Oakfield Avenue,,Markfield,Leicestershire,LE67 9WG,www.mercenfeld.bepschools.org,1530243151.0,Mrs,Kirstie,Randle,Headteacher,Does not apply,Mixed,Primary,01/04/2013,Mid Leicestershire,139441
South Charnwood High School,Academy converter,Open,Broad Lane,,Markfield,Leicestershire,LE67 9TB,www.southcharnwood.leics.sch.uk,1530242351.0,Mr,Simon,Andrews,Headteacher,Does not apply,Mixed,Secondary,01/04/2013,Mid Leicestershire,139442
The Pastures Primary School,Academy converter,Open,Thornhills,Narborough,Leicester,Leicestershire,LE19 3YP,www.pastures-primary.leics.sch.uk,1162867738.0,Mrs,Donna,Cecchini,Headteacher,Does not apply,Mixed,Primary,01/05/2013,South Leicestershire,139620
Beauchamp College,Academy converter,Open,Ridge Way,Oadby,Leicester,Leicestershire,LE2 5TP,http://www.beauchamp.org.uk,1162729100.0,Miss,Kathryn,Kelly,Principal,Does not apply,Mixed,Secondary,01/05/2013,"Harborough, Oadby and Wigston",139624
Battling Brook Primary School,Academy converter,Open,Frederick Avenue,,Hinckley,Leicestershire,LE10 0EX,http://www.bbrook.leics.sch.uk/,1455634701.0,,Lisa,Mathie,Headteacher,Does not apply,Mixed,Primary,01/06/2013,Hinckley and Bosworth,139737
Brocks Hill Primary School,Academy converter,Open,Howdon Road,Oadby,Leicester,Leicestershire,LE2 5WP,https://www.brockshill.org.uk,1162714885.0,Mrs,Sally,Wicken,Headteacher,Does not apply,Mixed,Primary,01/06/2013,"Harborough, Oadby and Wigston",139739
Frisby Church of England Primary School,Academy converter,Open,Hall Orchard Lane,Frisby-on-the-Wreake,Melton Mowbray,Leicestershire,LE14 2NH,www.frisbyprimary.co.uk,1664434429.0,Mrs,Charmaine,Ainge,Headteacher,Church of England,Mixed,Primary,01/06/2013,Melton and Syston,139744
Launde Primary School,Academy converter,Open,New Street,Oadby,Leicestershire,Leicestershire,LE2 4LJ,www.launde.leics.sch.uk/,1162712261.0,Mrs,Shelley,Meer,Headteacher,Does not apply,Mixed,Primary,01/06/2013,"Harborough, Oadby and Wigston",139751
Thringstone Primary School,Academy converter,Open,Hensons Lane,Thringstone,Coalville,Leicestershire,LE67 8LJ,http://www.thringstone.leics.sch.uk,1530222489.0,Mr,David,Chapple,Headteacher,Does not apply,Mixed,Primary,01/06/2013,North West Leicestershire,139767
Captains Close Primary School,Academy converter,Open,Saxelby Road,Asfordby,Melton Mowbray,Leicestershire,LE14 3TU,http://www.captains-close.leics.sch.uk,1664812630.0,Mrs,Natalie,Willcock,Headteacher,Does not apply,Mixed,Primary,01/07/2013,Melton and Syston,139845
Gilmorton Chandler Church of England Primary School,Academy converter,Open,Church Lane,Gilmorton,Lutterworth,Leicestershire,LE17 5LU,http://www.gilmortonchandler.leics.sch.uk,1455552343.0,Mr,Adam,Watson,,Church of England,Mixed,Primary,01/07/2013,South Leicestershire,139854
Glenmere Community Primary School,Academy converter,Open,Estoril Avenue,,Wigston,Leicestershire,LE18 3RD,http://www.glenmere.leics.sch.uk,1162882228.0,Mrs,Samantha,Conlon,Headteacher,Does not apply,Mixed,Primary,01/07/2013,"Harborough, Oadby and Wigston",139855
Langmoor Primary School Oadby,Academy converter,Open,Kenilworth Drive,Oadby,Leicester,Leicestershire,LE2 5HS,www.langmoor.leics.sch.uk,1162712776.0,Mrs,Helen,Bonser,Headteacher,Does not apply,Mixed,Primary,01/07/2013,"Harborough, Oadby and Wigston",139859
Lubenham All Saints Church of England Primary School,Academy converter,Open,School Lane,Lubenham,Market Harborough,Leicestershire,LE16 9TW,www.lubenham.leics.sch.uk,1858462319.0,Mrs,Heather,White,Headteacher,Church of England,Mixed,Primary,01/07/2013,"Harborough, Oadby and Wigston",139864
Rothley Church of England Primary School,Academy converter,Open,Burrow Drive,Rothley,Leicester,Leicestershire,LE7 7RZ,www.rothley.leics.sch.uk,1162302106.0,Mrs,Kate,Barrs,Headteacher,Church of England,Mixed,Primary,01/07/2013,Mid Leicestershire,139874
Humberstone Junior School,Academy converter,Open,Main Street,Humberstone,Leicester,Leicestershire,LE5 1AE,www.humberstonejunioracademy.co.uk/,1162767248.0,,Annemarie,Williams,Headteacher,Does not apply,Mixed,Primary,01/08/2013,Leicester East,139983
Wilbarston Church of England Primary School,Academy converter,Open,School Lane,Wilbarston,Market Harborough,Leicestershire,LE16 8QN,www.wilbarston.northants.sch.uk/,1536771252.0,,Maria,Hawkes,Headteacher,Church of England,Mixed,Primary,01/09/2013,Kettering,140094
Old Dalby Church of England Primary School,Academy converter,Open,Longcliff Hill,Old Dalby,Melton Mowbray,Leicestershire,LE14 3JY,www.olddalbyschool.org.uk,1664822455.0,Mrs,Rosemary,Browne,Headteacher,Church of England,Mixed,Primary,01/09/2013,Melton and Syston,140095
Sileby Redlands Community Primary School,Academy converter,Open,King Street,Sileby,Loughborough,Leicestershire,LE12 7LZ,http://www.redlands.org.uk,1509812376.0,Mrs,Michelle,Tobin,Executive Headteacher,Does not apply,Mixed,Primary,01/09/2013,Melton and Syston,140101
Hastings High School,Academy converter,Open,St Catherine's Close,Burbage,Hinckley,Leicestershire,LE10 2QE,http://www.hastings.leics.sch.uk,1455239414.0,Co Headteacher,Stephen Shipman and,Claire Bradley,Headteacher,Does not apply,Mixed,Secondary,01/09/2013,Hinckley and Bosworth,140103
Barrow Hall Orchard Church of England Primary School,Academy converter,Open,Church Street,Barrow-upon-Soar,Loughborough,Leicestershire,LE12 8HP,www.hall-orchard.leics.sch.uk,1509412188.0,Mr,Steve,Dunn,Headteacher,Church of England,Mixed,Primary,01/10/2013,Loughborough,140230
Stanton Under Bardon Community Primary School,Academy converter,Open,Main Street,Stanton-under-Bardon,Markfield,Leicestershire,LE67 9TQ,http://www.stanton-u-b.leics.sch.uk/,1530242377.0,Mrs,Diane,Parry,Headteacher,Does not apply,Mixed,Primary,01/10/2013,Mid Leicestershire,140251
Thornton Primary School,Academy converter,Open,Main Street,Thornton,Coalville,Leicestershire,LE67 1AH,www.thornton.leics.sch.uk,1530230250.0,Mrs,Sarah,Acton,Headteacher,Does not apply,Mixed,Primary,01/10/2013,Mid Leicestershire,140253
Kirby Muxloe Primary School,Academy converter,Open,Barwell Road,Kirby Muxloe,Leicester,Leicestershire,LE9 2AA,https://www.kmprimary.org,1162393410.0,Mr,Elliot,Howles,Headteacher,Does not apply,Mixed,Primary,01/11/2013,Mid Leicestershire,140315
Enderby Danemill Primary School,Academy converter,Open,Mill Lane,Enderby,Leicester,Leicestershire,LE19 4LH,www.danemill.com,1162862674.0,Mrs,Laura,Hackett,Headteacher,Does not apply,Mixed,Primary,01/11/2013,South Leicestershire,140316
Robert Bakewell Primary School,Academy converter,Open,Barsby Drive,,Loughborough,Leicestershire,LE11 5UJ,www.robertbakewellprimary.com,1509231646.0,Mr,Jon,Bishop,Headteacher,Does not apply,Mixed,Primary,01/12/2013,Loughborough,140476
Glenfield Primary School,Academy sponsor led,Open,Stamford Street,Glenfield,Leicester,Leicestershire,LE3 8DL,www.glenfield.leics.sch.uk/,,,Kathy,Martin,,Does not apply,Mixed,Primary,01/07/2014,Mid Leicestershire,140608
Ab Kettleby Primary School,Academy converter,Open,Wartnaby Road,Ab Kettleby,Melton Mowbray,Leicestershire,LE14 3JJ,www.abkettleby.org,1664504870.0,Mrs,Andrea,Brown,Head Teacher,Does not apply,Mixed,Primary,01/04/2014,Melton and Syston,140696
Brownlow Primary School,Academy converter,Open,Limes Avenue,,Melton Mowbray,Leicestershire,LE13 1QL,www.brownlowprimary.org,1664562315.0,Mrs,Vicky,Sellars,Headteacher,Does not apply,Mixed,Primary,01/04/2014,Melton and Syston,140702
Highcliffe Primary School and Community Centre,Academy converter,Open,Greengate Lane,Birstall,Leicester,Leicestershire,LE4 3DL,www.highcliffeacademy.org.uk,1162967600.0,Ms,Jennifer,Piper-Gale,Head of School,Does not apply,Mixed,Primary,01/04/2014,Mid Leicestershire,140725
Riverside Community Primary School Birstall,Academy converter,Open,"Riverside Community Primary School Birstall, Wanlip Lane",Birstall,Leicester,Leicestershire,LE4 4JU,http://www.riversideacademy.org.uk,1162107373.0,Ms,Chelsea,Williams,Executive Headteacher,Does not apply,Mixed,Primary,01/04/2014,Mid Leicestershire,140746
Somerby Primary School,Academy converter,Open,High Street,Somerby,Melton Mowbray,Leicestershire,LE14 2PZ,www.somerby.org.uk,1664504888.0,Mrs,Andrea,Brown,Headteacher,Does not apply,Mixed,Primary,01/04/2014,Melton and Syston,140754
The Cedars Academy,Academy converter,Open,Wanlip Lane,Birstall,Leicester,Leicestershire,LE4 4GH,www.TheCedarsAcademy.org.uk,1162677107.0,Mrs,Laura,Sanchez,Headteacher,,Mixed,Secondary,01/04/2014,Mid Leicestershire,140787
Woolden Hill Primary School,Academy sponsor led,Open,Netherfield Road,Anstey,Leicester,Leicestershire,LE7 7ES,www.wooldenhillprimary.org.uk/,1162362154.0,Mrs,Candi,Norman,Headteacher,Does not apply,Mixed,Primary,01/06/2014,Mid Leicestershire,140851
St Peter's Church of England Primary School Wymondham,Academy converter,Open,Glebe Lane,Wymondham,Melton Mowbray,Leicestershire,LE14 2AF,www.wymondhamprimary.org/,1572787658.0,Mrs,Amanda,Scott,Headteacher,Church of England,Mixed,Primary,01/06/2014,Melton and Syston,140909
Loughborough Church of England Primary School,Academy converter,Open,William Street,,Loughborough,Leicestershire,LE11 3BY,www.loughborough-primary.co.uk,1509263430.0,Mrs,Nicola,Ferey,Headteacher,Church of England,Mixed,Primary,01/06/2014,Loughborough,140911
Tugby Church of England Primary School,Academy converter,Open,Main Street,Tugby,Leicester,Leicestershire,LE7 9WD,http://www.tugby.leics.sch.uk/,1162598248.0,Ms,Anna,Dyson,Headteacher,Church of England,Mixed,Primary,01/10/2014,Rutland and Stamford,140912
Waltham on the Wolds Church of England Primary School,Academy converter,Open,Melton Road,Waltham-on-the-Wolds,Melton Mowbray,Leicestershire,LE14 4AJ,http://www.waltham.leics.sch.uk/,1664464269.0,Mr,Neil,Bardsley,Head Teacher,Church of England,Mixed,Primary,01/10/2014,Melton and Syston,140913
Falcons Primary School,Free schools,Open,George Hine House,Gipsy Lane,Leicester,Leicestershire,LE5 0TA,www.falconsprimary.org,1164510050.0,Mrs,Jasbir,Mann,,Sikh,Mixed,Primary,27/10/2014,Leicester East,141011
Mowmacre Hill Primary School,Academy sponsor led,Open,Tedworth Green,,Leicester,Leicestershire,LE4 2NG,www.mowmacrehill.org.uk/,1162356350.0,Mr,Isaac,Howarth,,Does not apply,Mixed,Primary,01/09/2014,Leicester West,141137
Market Harborough Church of England Academy,Academy converter,Open,Fairfield Road,,Market Harborough,Leicestershire,LE16 9QH,http://www.marketharboroughcofe.co.uk,1858464112.0,Co Headteacher,Emmaline,Tayler,Headteacher,Church of England,Mixed,Primary,01/08/2014,"Harborough, Oadby and Wigston",141151
North Mead Primary Academy,Academy sponsor led,Open,Northfield Road,,Leicester,Leicestershire,LE4 9DL,www.north-tmet.uk,1162767761.0,Mr,Ben,Burpitt,,Does not apply,Mixed,Primary,01/11/2015,Leicester East,141221
Christ Church & Saint Peter's Cofe Primary School,Academy sponsor led,Open,8 Rothley Road,Mountsorrel,Loughborough,Leicestershire,LE12 7JU,www.mountsorrelschool.org.uk,1162302800.0,Mrs,Clare,Clay,Headteacher,Church of England,Mixed,Primary,01/12/2014,Mid Leicestershire,141222
Bringhurst Primary School,Academy converter,Open,Great Easton Road,Bringhurst,Market Harborough,Leicestershire,LE16 8RH,http://www.bringhurstprimary.co.uk,1536605146.0,Mrs,Amelia,Holdcroft,Headteacher,Does not apply,Mixed,Primary,01/09/2014,Rutland and Stamford,141279
The Grove Primary School,Academy converter,Open,Asfordby Road,,Melton Mowbray,Leicestershire,LE13 0HN,www.meltongrove.org,1664562554.0,Mrs,Hayley,Cheeseman,Headteacher,Does not apply,Mixed,Primary,01/10/2014,Melton and Syston,141469
Townlands Church of England Primary School,Academy converter,Open,Meadow Court Road,Earl Shilton,Leicester,Leicestershire,LE9 7FF,www.townlandsprimary.org/,1455843859.0,Mrs,Sarah-Louise Martinson &  Anne Hawksley,Co Headteachers,Headteacher,Church of England,Mixed,Primary,01/01/2015,Hinckley and Bosworth,141630
Charnwood College,Academy sponsor led,Open,Thorpe Hill,,Loughborough,Leicestershire,LE11 4SQ,http://www.charnwoodcollege.org/,1509554400.0,Mr,Alastair,O'Connor,Principal,Does not apply,Mixed,Secondary,01/04/2015,Loughborough,141874
Greystoke Primary School,Academy converter,Open,Thornton Drive,Narborough,Leicester,Leicestershire,LE19 2GX,www.greystoke.leics.sch.uk,1162862286.0,Mrs,Sharon,Richardson,Headteacher,Does not apply,Mixed,Primary,01/04/2015,South Leicestershire,141903
Rushey Mead Academy,Academy converter,Open,Melton Road,,Leicester,Leicestershire,LE4 7AN,www.rushey-tmet.uk,1162663730.0,Ms,Victoria,Barwell,Principal,Does not apply,Mixed,Secondary,01/11/2015,Leicester East,141916
Little Hill Primary,Academy converter,Open,Launceston Road,,Wigston,Leicestershire,LE18 2GZ,http://www.littlehill.leics.sch.uk/,1162811963.0,Mr,Sam,Williams,Acting Headteacher,Does not apply,Mixed,Primary,01/09/2015,"Harborough, Oadby and Wigston",142261
Fossebrook Primary School,Academy sponsor led,Open,Holmfield Avenue West,Leicester Forest East,Leicester,Leicestershire,LE3 3FF,www.fossebrook.org.uk,1163087966.0,Mrs,Nicky,Ball,Head Teacher,Does not apply,Mixed,Primary,01/09/2016,Mid Leicestershire,142410
Humberstone Infant Academy,Academy sponsor led,Open,Main Street,Humberstone,Leicester,Leicestershire,LE5 1AE,,1162767648.0,,Annemarie,Williams,,Does not apply,Mixed,Primary,01/04/2016,Leicester East,142631
Cottingham Church of England Primary School,Academy converter,Open,Berryfield Road,(Near Corby),Market Harborough,Leicestershire,LE16 8XB,www.cottinghamprimary.co.uk/,1536771391.0,Mr,Ashley,Scott,Headteacher,Church of England,Mixed,Primary,01/03/2016,Kettering,142661
Wigston Menphys Nursery School,Local authority nursery school,Open,Launceston Road,,Wigston,Leicestershire,LE18 2FR,http://www.menphyscentre.leics.sch.uk,1162889977.0,Miss,Laura,Jeffs,,Does not apply,Mixed,Nursery,01/11/2016,"Harborough, Oadby and Wigston",142677
"Sketchley Hill Menphys Nursery School, Burbage",Local authority nursery school,Open,Sketchley Road,Burbage,Hinckley,Leicestershire,LE10 2DY,www.menphysnursery.co.uk,1455890684.0,Miss,Laura,Jeffs,,Does not apply,Mixed,Nursery,01/11/2016,Hinckley and Bosworth,142678
"Saint Peter's Catholic Primary School, A Voluntary Academy",Academy converter,Open,London Road,,Hinckley,Leicestershire,LE10 1HJ,www.stpetershinckley.net,1455634087.0,,Luisa,Rinaldi-Oxley,Headteacher,Roman Catholic,Mixed,Primary,01/04/2016,Hinckley and Bosworth,142724
Uplands Junior L.E.A.D. Academy,Academy sponsor led,Open,Melbourne Road,Highfields,Leicester,Leicestershire,LE2 0DR,,1162538407.0,,Lucy,Carlisle,,Does not apply,Mixed,Primary,01/06/2016,Leicester South,142787
Knighton Mead Primary Academy,Academy converter,Open,Knighton Fields Road West,,Leicester,Leicestershire,LE2 6LG,www.knighton-tmet.uk,1162330666.0,Miss,Rebecca,Smith,Principal,Does not apply,Mixed,Primary,01/06/2016,Leicester South,142848
Willowbrook Mead Primary Academy,Academy converter,Open,Roborough Green,Thurnby Lodge,Leicester,Leicestershire,LE5 2NA,http://www.willowbrook-tmet.uk,1162413756.0,Mrs,Hannah,Sandy-Sharpe,Principal,Does not apply,Mixed,Primary,01/06/2016,Leicester East,142857
Thurnby Mead Primary Academy,Academy converter,Open,Dudley Avenue,,Leicester,Leicestershire,LE5 2EG,www.thurnby-tmet.uk,1162413086.0,Mrs,Michelle,Woodhouse,Headteacher,Does not apply,Mixed,Primary,01/07/2016,Leicester East,142967
Merrydale Junior School,Academy converter,Open,Claydon Road,,Leicester,Leicestershire,LE5 0PL,www.merrydalejuniors.com,1162767708.0,Mr,Antony,Corbett,Headteacher,Does not apply,Mixed,Primary,01/11/2016,Leicester East,143244
Braunstone Community Primary School,Academy converter,Open,Cort Crescent,Braunstone,Leicester,Leicestershire,LE3 1QH,http://braunstone.leicester.sch.uk/,1162858130.0,Mr,Halil,Tamgumus,Headteacher,Does not apply,Mixed,Primary,01/10/2016,Leicester West,143245
Woodstock Primary Academy,Academy converter,Open,Hattern Avenue,,Leicester,Leicestershire,LE4 2GZ,www.woodstock.leicester.sch.uk,1162355825.0,Mrs,Louise,Stapleford,Principal,Does not apply,Mixed,Primary,01/11/2016,Leicester West,143246
Babington Academy,Academy converter,Open,Strasbourg Drive,Beaumont Leys,Leicester,Leicestershire,LE4 0SZ,http://www.babington.leicester.sch.uk/,1162221616.0,Mrs,Fiona,Laywood,Principal,,Mixed,Secondary,01/10/2016,Leicester West,143247
Fernvale Primary School,Academy converter,Open,Somerby Road,Thurnby,Leicester,Leicestershire,LE7 9PR,www.fernvale.leics.sch.uk,1162416722.0,Mrs,Helen,Cartledge-Splitt,Headteacher,Does not apply,Mixed,Primary,01/09/2016,Rutland and Stamford,143248
Seagrave Village Primary School,Academy converter,Open,Green Lane,Seagrave,Loughborough,Leicestershire,LE12 7LU,https://www.seagrave.bepschools.org,1509812486.0,Mrs,Heather,Culling,Headteacher,Does not apply,Mixed,Primary,01/09/2016,Melton and Syston,143249
Newcroft Primary Academy,Academy converter,Open,Trueway Drive,Shepshed,Loughborough,Leicestershire,LE12 9DU,www.newcroftprimaryacademy.co.uk,1509503214.0,Mrs,Sara,Aukland,Headteacher,Does not apply,Mixed,Primary,01/09/2016,Loughborough,143250
Ashby Willesley Primary School,Academy converter,Open,Packington Nook Lane,,Ashby-de-la-Zouch,Leicestershire,LE65 2QG,www.ashbywillesley.org.uk,1530413654.0,Mrs,Chloe,Dilks,Headteacher,Does not apply,Mixed,Primary,01/09/2016,North West Leicestershire,143251
Husbands Bosworth Church of England Primary School,Academy converter,Open,School Lane,Husbands Bosworth,Lutterworth,Leicestershire,LE17 6JU,www.husbandsbosworth.leics.sch.uk/,1858880212.0,Mr,Alan,Eathorne,Headteacher,Church of England,Mixed,Primary,01/09/2016,South Leicestershire,143252
Newtown Linford Primary School,Academy converter,Open,Main Street,Newtown Linford,Leicester,Leicestershire,LE6 0AD,https://www.newtown.bepschools.org/,1530242370.0,Mrs,Kirsten,Kennedy,Headteacher,Does not apply,Mixed,Primary,01/09/2016,Mid Leicestershire,143253
"St Andrew's Church of England Primary School, North Kilworth",Academy converter,Open,Dag Lane,North Kilworth,Lutterworth,Leicestershire,LE17 6HD,www.standrewsnorthkilworth.co.uk,1858880430.0,Mrs,Heather,White,Headteacher,Church of England,Mixed,Primary,01/09/2016,South Leicestershire,143254
Heatherbrook Primary Academy,Academy sponsor led,Open,Astill Lodge Road,Beaumont Leys,Leicester,Leicestershire,LE4 1BE,www.heatherbrook.co.uk/,1162357721.0,Mrs,Claire,Beach,Head Teacher,Does not apply,Mixed,Primary,01/04/2017,Leicester West,143607
Hallbrook Primary School,Academy converter,Open,Hallbrook Road,,Broughton Astley,Leicestershire,LE9 6WX,www.hallbrook.leics.sch.uk,1455285693.0,Mr,Tim,Barrow,Headteacher,Does not apply,Mixed,Primary,01/02/2017,South Leicestershire,143609
Viscount Beaumont's Church of England Primary School,Academy converter,Open,Ashby Road,Coleorton,Coalville,Leicestershire,LE67 8FD,www.viscountbeaumonts.leics.sch.uk,1530412480.0,Mrs,Hayley,Ryder-Smith,Headteacher,Church of England,Mixed,Primary,01/01/2017,North West Leicestershire,143610
Avanti Fields School,Free schools,Open,21 Bhaktivedanta Marg,,Leicester,,LE5 0BX,https://avanti.org.uk/avantifields/,1163266813.0,Miss,Vanessa,Bardsley,,Hindu,Mixed,All-through,03/09/2018,Leicester East,143679
Richmond Primary School,Academy converter,Open,Towers Drive,,Hinckley,Leicestershire,LE10 0ZD,http://www.richmond.leics.sch.uk/,1455637266.0,Mrs,Emma,Clark,Headteacher,Does not apply,Mixed,Primary,01/02/2017,Hinckley and Bosworth,143795
The Winstanley School,Academy converter,Open,Kingsway North,,Leicester,Leicestershire,LE3 3BD,https://www.winstanleyschool.org.uk/,1162898688.0,Mr,David,Bennett,,,Mixed,Secondary,01/01/2017,Mid Leicestershire,143844
Lancaster Academy,Academy sponsor led,Open,Knighton Lane East,,Leicester,Leicestershire,LE2 6FU,,1162703176.0,Mrs,Anna,Fisher,,Does not apply,Mixed,Secondary,01/04/2017,Leicester South,143857
Rowlatts Mead Primary Academy,Academy converter,Open,Balderstone Close,Off Ambassador Road,Leicester,Leicestershire,LE5 4ES,www.rowlatts-tmet.uk,1162768812.0,Mrs,Jennie,Henson,Principal,Does not apply,Mixed,Primary,01/04/2017,Leicester East,144107
Dunton Bassett Primary School,Academy converter,Open,The Mount,Dunton Bassett,Lutterworth,Leicestershire,LE17 5JL,www.duntonbassett.leics.sch.uk/,1455209557.0,Mr,Lee,Evans,Headteacher,Does not apply,Mixed,Primary,01/10/2018,South Leicestershire,144108
"Thurnby, St Luke's Church of England Primary School",Academy converter,Open,Main Street,Thurnby,Leicester,Leicestershire,LE7 9PN,www.st-lukes.leics.sch.uk,1162415105.0,Mr,Gavin,Skye,Headteacher,Church of England,Mixed,Primary,01/06/2017,Rutland and Stamford,144109
Sharnford Church of England Primary School,Academy converter,Open,Henson Way,Sharnford,Hinckley,Leicestershire,LE10 3PN,www.sharnfordprimaryschool.com,1455272456.0,Mrs,Sharon,Boyd-Hope,Headteacher,Church of England,Mixed,Primary,01/07/2017,South Leicestershire,144110
John Wycliffe Primary School,Academy converter,Open,Moorbarns Lane,,Lutterworth,Leicestershire,LE17 4QJ,https://www.johnwycliffeprimaryschool.co.uk/,1455553135.0,Mr,Lee,Evans,Headteacher,Does not apply,Mixed,Primary,01/06/2017,South Leicestershire,144111
"All Saints Church of England Primary School, Sapcote",Academy converter,Open,Bassett Lane,Sapcote,Leicester,Leicestershire,LE9 4FB,www.allsaintssapcote.com,1455272973.0,Mr,Shane,Crick,Headteacher,Church of England,Mixed,Primary,01/06/2017,South Leicestershire,144113
Ullesthorpe Church of England Primary School,Academy converter,Open,Ashby Road,Ullesthorpe,Lutterworth,Leicestershire,LE17 5DN,www.ullesthorpe.leics.sch.uk,1455209926.0,Mrs,Jodie,Allen,Headteacher,Church of England,Mixed,Primary,01/06/2017,South Leicestershire,144114
Claybrooke Primary School,Academy converter,Open,Main Street,Claybrooke Parva,Leicester,Leicestershire,LE17 5AF,www.claybrooke.leics.sch.uk,1455209238.0,Mrs,Emma,Darragh,Headteacher,,Mixed,Primary,01/08/2017,South Leicestershire,144115
"St Mary's Church of England Primary School, Bitteswell",Academy converter,Open,The Green,Bitteswell,Lutterworth,Leicestershire,LE17 4SB,http://www.stmarysbitteswell.uk,1455552818.0,Mr,Adam,Watson,Headteacher,Church of England,Mixed,Primary,01/07/2017,South Leicestershire,144116
South Kilworth Church of England Primary School,Academy converter,Open,Walcote Road,South Kilworth,Lutterworth,Leicestershire,LE17 6EG,www.southkilworthprimaryschool.com,1858575307.0,Mrs,Heather,White,Headteacher,Church of England,Mixed,Primary,01/04/2017,South Leicestershire,144117
Swinford Church of England Primary School,Academy converter,Open,School Lane,Swinford,Lutterworth,Leicestershire,LE17 6BG,https://www.swinford.leics.sch.uk/,1788860404.0,Headteacher,Rachel,Chamberlain,Headteacher,Church of England,Mixed,Primary,01/04/2017,South Leicestershire,144118
Swannington Church of England Primary School,Academy converter,Open,Main Street,Swannington,Coalville,Leicestershire,LE67 8QJ,https://www.swanningtonceprimary.org/,1530832655.0,Mrs,Hayley,Ryder-Smith,Headteacher,Church of England,Mixed,Primary,01/05/2017,North West Leicestershire,144310
"Tudor Grange Samworth Academy, A church of England School",Academy sponsor led,Open,"Tudor Grange Samworth Academy, 50 Trenant Road",,Leicester,Leicestershire,LE2 6UA,https://www.samworth.tgacademy.org.uk/,1162780232.0,Mr,Aiden,Bannon,,Church of England,Mixed,All-through,01/01/2016,Leicester South,144479
Kingsway Primary School,Academy converter,Open,Kingsway North,Braunstone Town,Leicester,Leicestershire,LE3 3BD,www.kingsway.org.uk,1162898525.0,Mrs,Germaine,Mckinnon,Headteacher,Does not apply,Mixed,Primary,01/01/2018,Mid Leicestershire,144538
Orchard Mead Academy,Academy sponsor led,Open,Keyham Lane West,,Leicester,Leicestershire,LE5 1RT,www.orchard-tmet.uk,1162413371.0,Miss,Subrina,Johal,,Does not apply,Mixed,Secondary,01/09/2017,Leicester East,144629
"Hallam Fields, Birstall",Free schools,Open,Long Meadow Way,Birstall,Leicester,Leicestershire,LE4 3LL,,1162670550.0,Mrs,Ifat,Sultana,,Multi-faith,Mixed,Primary,01/09/2017,Mid Leicestershire,144749
Old Mill Primary School,Academy converter,Open,Station Road,Broughton Astley,Leicester,Leicestershire,LE9 6PT,http://www.oldmillprimary.co.uk,1455284191.0,Mrs,Alison,Smith-Stewart,Headteacher,Does not apply,Mixed,Primary,01/09/2017,South Leicestershire,144837
Hinckley Parks Primary School,Academy converter,Open,Leicester Road,,Hinckley,Leicestershire,LE10 1LP,http://www.hinckleyparks.leics.sch.uk,1455632556.0,Mr,David,Harding,Headteacher,Does not apply,Mixed,Primary,01/09/2017,Hinckley and Bosworth,144911
Sherard Primary School,Academy sponsor led,Open,Grange Drive,,Melton Mowbray,Leicestershire,LE13 1HA,www.sherardschool.org,1664565124.0,Mrs,Helena,Blumfield,Headteacher,Does not apply,Mixed,Primary,01/10/2017,Melton and Syston,145083
Melton Vale Sixth Form College,Academy 16-19 converter,Open,Burton Road,,Melton Mowbray,Leicestershire,LE13 1DN,www.mv16.org.uk,1664504750.0,Dr,Nicola,Dartnell,,,Mixed,16 plus,01/10/2017,Melton and Syston,145158
Church Langton Church of England Primary School,Academy converter,Open,Stonton Road,Church Langton,Market Harborough,Leicestershire,LE16 7SZ,http://www.churchlangton.leics.sch.uk,1858545237.0,Mrs,Lucy,Anderson,Headteacher,Church of England,Mixed,Primary,01/11/2017,"Harborough, Oadby and Wigston",145203
Forest Lodge Academy,Academy converter,Open,Charnor Road,,Leicester,Leicestershire,LE3 6LH,www.forestlodge.leicester.sch.uk/,1162871220.0,Mrs,Claire,Caldwell,Headteacher,Does not apply,Mixed,Primary,01/01/2018,Leicester West,145357
Blaby Stokes Church of England Primary School,Academy sponsor led,Open,Queens Road,Blaby,Leicester,Leicestershire,LE8 4EG,www.blabystokes.co.uk,1162772082.0,Mr,Stephen,Snelson,,Church of England,Mixed,Primary,01/02/2018,South Leicestershire,145488
Judgemeadow Community College,Academy sponsor led,Open,Marydene Drive,Evington,Leicester,,LE5 6HP,,1162411920.0,Mr,Alex,Grainge,,Does not apply,Mixed,Secondary,01/06/2018,Leicester East,145558
Overdale Infant School,Academy converter,Open,Eastcourt Road,Knighton,Leicester,Leicestershire,LE2 3YA,www.overdale-inf.leicester.sch.uk/,1162882724.0,Mrs,Hayley,Holmes,Headteacher,Does not apply,Mixed,Primary,01/04/2018,Leicester South,145617
Overdale Junior School,Academy converter,Open,Eastcourt Road,Knighton,Leicester,Leicestershire,LE2 3YA,www.overdale-jun.leicester.sch.uk/,1162883736.0,Mr,Matt,Evans,Headteacher,Does not apply,Mixed,Primary,01/04/2018,Leicester South,145618
Brookside Primary School,Academy converter,Open,Copse Close,Oadby,Leicester,Leicestershire,LE2 4FU,www.brookside.leics.sch.uk,1162713680.0,Miss,Grace,Brown,Headteacher,Does not apply,Mixed,Primary,01/04/2018,"Harborough, Oadby and Wigston",145619
Woodland Grange Primary School,Academy converter,Open,Beaufort Way,Oadby,Leicester,Leicestershire,LE2 4TY,http://www.woodlandwideweb.org.uk/,1162720401.0,Mrs,Hayley,Brown,Headteacher,Does not apply,Mixed,Primary,01/04/2018,"Harborough, Oadby and Wigston",145620
Hope Hamilton CofE Primary School,Academy converter,Open,Sandhills Avenue,North Hamilton,Leicester,Leicestershire,LE5 1LU,www.hopehamilton.leicester.sch.uk/,1162766121.0,Mrs,Fiona,Brooks,Headteacher,Church of England,Mixed,Primary,01/07/2018,Leicester East,145970
Richard Hill Church of England Primary School,Academy converter,Open,12 Anstey Lane,Thurcaston,Leicester,Leicestershire,LE7 7JA,www.richardhillschool.co.uk,1162340212.0,Mrs,Sally,Applebee,Headteacher,Church of England,Mixed,Primary,01/07/2018,Mid Leicestershire,145972
All Saints Church of England Primary School,Academy converter,Open,Long Street,,Wigston,Leicestershire,LE18 2AH,www.allsaintscofe.leics.sch.uk,1162880013.0,Mrs,Lucy,Boulger,Acting Headteacher,Church of England,Mixed,Primary,01/07/2018,"Harborough, Oadby and Wigston",145973
Houghton-on-the-Hill Church of England Primary School,Academy converter,Open,Main Street,Houghton-on-the-Hill,Leicester,Leicestershire,LE7 9GD,www.houghton.leics.sch.uk,1162412465.0,Mrs,Ali,Woollerson,Headteacher,Church of England,Mixed,Primary,01/07/2018,Rutland and Stamford,145974
Sir Jonathan North Girls' College,Academy converter,Open,Knighton Lane East,,Leicester,Leicestershire,LE2 6FU,https://www.sirjonathannorth.org.uk,1162708116.0,Mr,James,McKenna,Principal,Does not apply,Girls,Secondary,01/03/2019,Leicester South,146108
Saint Peters Catholic Voluntary Academy,Academy converter,Open,Mill Lane,Earl Shilton,,Leicestershire,LE9 7AW,www.stpetersprimary.org,1455843840.0,Mrs,Catherine,Murphy,Headteacher,Roman Catholic,Mixed,Primary,01/09/2018,Hinckley and Bosworth,146133
Saint Patrick's Catholic Voluntary Academy,Academy converter,Open,Harrison Road,,Leicester,Leicestershire,LE4 6QN,www.st-patricks.leicester.sch.uk,1162661149.0,Mrs,Charlotte,Lynch,Headteacher,Roman Catholic,Mixed,Primary,01/10/2018,Leicester East,146147
Christ the King Catholic Voluntary Academy,Academy converter,Open,Glenfield Road,,Leicester,Leicestershire,LE3 6DF,www.ctkleicester.co.uk,1162857261.0,Mrs,Annie,Carter,Headteacher,Roman Catholic,Mixed,Primary,01/09/2018,Leicester West,146158
Saint Francis Catholic Primary School,Academy converter,Open,Dalby Road,,Melton Mowbray,Leicestershire,LE13 0BP,http://www.st-francis.leics.sch.uk,1664562891.0,Mrs,Gosia,Brown,Headteacher,Roman Catholic,Mixed,Primary,01/09/2018,Melton and Syston,146180
"English Martyrs' Catholic School, A Voluntary Academy",Academy converter,Open,Anstey Lane,,Leicester,Leicestershire,LE4 0FJ,http://www.englishmartyrs.org/,1162428880.0,Principal,Mathew,Calen,Principal,Roman Catholic,Mixed,Secondary,01/09/2018,Leicester West,146196
"Holy Cross Catholic School, a Voluntary Academy",Academy converter,Open,Stonesby Avenue,,Leicester,Leicestershire,LE2 6TY,,1162833135.0,Mrs,Karen,McVea,Headteacher,Roman Catholic,Mixed,Primary,01/10/2018,Leicester South,146224
"St Paul's Catholic School, a Voluntary Academy",Academy converter,Open,Spencefield Lane,,Leicester,Leicestershire,LE5 6HN,http://www.st-pauls.leicester.sch.uk/,1162414057.0,Mrs,Shelley,Conaghan,Headteacher,Roman Catholic,Mixed,Secondary,01/09/2018,Leicester East,146232
Brookside Primary School,Academy converter,Open,School Green,East Leake,Loughborough,Leicestershire,LE12 6LG,www.brooksideprimary.co.uk/,1509820001.0,Mr,Gary,Kenny,Headteacher,Does not apply,Mixed,Primary,01/03/2020,Rushcliffe,146491
Arnesby Church of England Primary School,Academy converter,Open,Mill Hill Road,Arnesby,Leicester,Leicestershire,LE8 5WG,https://arnesby.embracemat.org,1162478563.0,Mrs,Ruth,James,Headteacher,Church of England,Mixed,Primary,01/04/2019,South Leicestershire,146602
St Peter's Church of England Primary School Whetstone,Academy converter,Open,Wale Road,Whetstone,Leicester,Leicestershire,LE8 6NJ,http://www.stpeterswhetstone.co.uk/,1162775750.0,Mr,Paul,Bolstridge,Headteacher,Church of England,Mixed,Primary,01/04/2019,South Leicestershire,146603
Sherrier Church of England Primary School,Academy converter,Open,Bitteswell Road,,Lutterworth,Leicestershire,LE17 4EX,www.sherrierprimaryschool.co.uk,1455552791.0,Miss,Lyndsey,Beckett,Headteacher,Church of England,Mixed,Primary,01/06/2019,South Leicestershire,146611
Manorfield Church of England Primary School,Academy converter,Open,Station Road,Stoney Stanton,Leicester,Leicestershire,LE9 4LU,http://www.manorfield.leics.sch.uk/,1455272787.0,Mrs,Ellen,Thompson,Headteacher,Church of England,Mixed,Primary,01/04/2019,South Leicestershire,146618
Croft Church of England Primary School,Academy converter,Open,Brookes Avenue,Croft,Leicester,Leicestershire,LE9 3GJ,http://www.croftprimaryschool.co.uk,1455282643.0,Miss,Anthea,Lawton,Headteacher,Church of England,Mixed,Primary,01/04/2019,South Leicestershire,146621
Highfields Primary School,Academy converter,Open,Pluto Close,Highfields,Leicester,Leicestershire,LE2 0UU,www.highfields-pri.leicester.sch.uk/,1162531382.0,Mr,Errol,Rowe,Acting,Does not apply,Mixed,Primary,01/04/2019,Leicester South,146844
Green Lane Infant School,Academy converter,Open,Spinney Hill Road,,Leicester,Leicestershire,LE5 3GG,http://greenlaneinfantschool.co.uk,1162627050.0,Mrs,Rebecca,Conway,Headteacher,Does not apply,Mixed,Primary,01/04/2019,Leicester East,146852
Uplands Infant School,Academy converter,Open,Melbourne Road,Highfields,Leicester,Leicestershire,LE2 0DR,www.uplandsinfant.org.uk,1162625280.0,Mrs,Michelle,Orton,Headteacher,Does not apply,Mixed,Primary,01/04/2019,Leicester South,146853
Sparkenhoe Community Primary School,Academy converter,Open,Saxby Street,,Leicester,Leicestershire,LE2 0TD,http://www.sparkenhoe.leicester.sch.uk/,1162512686.0,Miss,Rhian,Jones,Headteacher,Does not apply,Mixed,Primary,01/04/2019,Leicester South,146857
Castle Mead Academy,Free schools,Open,Richard III Road,,Leicester,,LE3 5QT,https://www.castle-tmet.uk/,1162143150.0,Miss,Chloe,French,,Does not apply,Mixed,Secondary,02/09/2019,Leicester West,147068
New Lubbesthorpe Primary School,Free schools,Open,Tay Road,,Leicester,,LE19 4BF,www.newlubbesthorpe.leics.sch.uk,1162169963.0,Miss,Natalie,Hackett,,,Mixed,Primary,02/09/2019,South Leicestershire,147089
Abbey Mead Primary Academy,Academy converter,Open,109 Ross Walk,,Leicester,Leicestershire,LE4 5HH,www.abbey-tmet.uk,1162661809.0,,Gary,Aldred,Headteacher,Does not apply,Mixed,Primary,01/09/2019,Leicester East,147148
Braunstone Frith Primary Academy,Academy converter,Open,Cuffling Drive,,Leicester,Leicestershire,LE3 6NF,www.braunstonefrith.org.uk/,1162872487.0,Mrs,Naomi,Grant,Headteacher,Does not apply,Mixed,Primary,01/09/2019,Leicester West,147410
Kestrel Mead Primary Academy,Academy converter,Open,Maidenwell Avenue,Hamilton,Leicester,Leicestershire,LE5 1TG,www.kestrel-tmet.uk,1162461732.0,Mrs,Zoe,Simpson,Headteacher,Does not apply,Mixed,Primary,01/09/2019,Leicester East,147411
Gateway Sixth Form College,Academy 16-19 converter,Open,Colin Grundy Drive,,Leicester,Leicestershire,LE5 1GA,www.gateway.ac.uk,1162744500.0,Mr,James,Bagley,,Does not apply,Mixed,16 plus,01/04/2020,Leicester East,147756
Beauchamp City Sixth Form,Free schools 16 to 19,Open,1 South Albion Street,,Leicester,,LE1 6JL,https://www.beauchampcity.org.uk/,1164979330.0,Ms,Catherine,Bartholomew,,Does not apply,Mixed,16 plus,01/09/2020,Leicester South,147837
The Fusion Academy,Free schools special,Open,Moore Road,Barwell,Leicester,Leicestershire,LE9 8AG,https://openthinkingpartnership.co.uk/fusion-academy/,1455243689.0,Ms,Kelly,Dryden,,,Mixed,Not applicable,01/09/2020,Hinckley and Bosworth,147858
Foxfields Academy,Free schools special,Open,Hospital Lane,,Blaby,Leicestershire,LE8 4FE,www.foxfields-cit.co.uk,1163440343.0,Mr,Ashley,Caress,,,Mixed,Not applicable,01/09/2020,South Leicestershire,148029
Millgate School,Academy special converter,Open,18a Scott Street,,Leicester,Leicestershire,LE2 6DW,www.millgateschool.co.uk,1162704922.0,Miss,Sara,Marsh,Executive Headteacher,Does not apply,Mixed,Not applicable,01/09/2021,Leicester South,148165
Keyham Lodge School,Academy special converter,Open,Keyham Lane,,Leicester,Leicestershire,LE5 1FG,https://www.keyhamlodgeschool.co.uk/,1162416852.0,Mrs,Victoria,Edwards,Executive Headteacher,Does not apply,Mixed,Not applicable,01/09/2021,Leicester East,148171
Highgate Primary School,Academy sponsor led,Open,Heathcote Drive,Sileby,Loughborough,Leicestershire,LE12 7ND,https://www.highgate.bepschools.org,1509813968.0,Mrs,Hannah,Sale,,Does not apply,Mixed,Primary,01/05/2021,Melton and Syston,148390
Fosse Mead Primary Academy,Academy sponsor led,Open,Balfour Street,,Leicester,Leicestershire,LE3 5EA,www.fosse-tmet.uk,1162519261.0,Ms,Jay,Virk,,Does not apply,Mixed,Primary,01/09/2021,Leicester West,148391
The Hinckley School,Academy converter,Open,Butt Lane,,Hinckley,,LE10 1LE,http://www.hajc.leics.sch.uk,1455632183.0,Ms,Samantha,Rooke,,,Mixed,Secondary,01/12/2020,Hinckley and Bosworth,148417
Brook Mead Academy,Free schools,Open,31 St. Augustine Road,,Leicester,Leicestershire,LE3 5QS,https://www.brook-tmet.uk/,1164827195.0,Ms,Rita,Hindocha,,,Mixed,Secondary,31/08/2021,Leicester West,148546
Ashby School,Academy converter,Open,Nottingham Road,,Ashby-De-La-Zouch,Leicestershire,LE65 1DT,www.ashbyschool.org.uk,1530413748.0,Dr,Jude,Mellor,,,Mixed,Secondary,01/03/2021,North West Leicestershire,148549
Soar Valley College,Academy converter,Open,Gleneagles Avenue,,Leicester,Leicestershire,LE4 7GY,http://www.soarvalley.aspirelp.uk,1162669625.0,Mrs,Julie,Robinson,Headteacher,Does not apply,Mixed,Secondary,01/06/2023,Leicester East,148877
The City of Leicester College,Academy converter,Open,Downing Drive,Evington,Leicester,Leicestershire,LE5 6LN,http://www.cityleicester.co.uk/,1162413984.0,Mr,Ken,Vernon,Headteacher,Does not apply,Mixed,Secondary,01/06/2023,Leicester East,148878
Belgrave St Peter's CofE Primary School,Academy converter,Open,Thurcaston Road,,Leicester,Leicestershire,LE4 5PG,www.belgraveceprimary.co.uk/,1162665790.0,Mr,Alex,McLugash (acting),Headteacher,Church of England,Mixed,Primary,01/01/2022,Leicester West,148905
Foxbridge Primary School,Free schools,Open,Welsted Road,,Castle Donington,Leicestershire,DE74 2SN,https://www.foxbridgeprimaryschool.co.uk/,1332415978.0,Mrs,Pamela,Bridgwood,,,Mixed,Primary,30/08/2022,North West Leicestershire,149040
Millside Spencer Academy,Free schools,Open,53 Evans Road,East Leake,Loughborough,Nottinghamshire,LE12 6AS,http://millsidespencer.org.uk,1509974255.0,Mrs,Sophia,Thorne,,,Mixed,Primary,01/09/2022,Rushcliffe,149105
Bishop Ellis Catholic Voluntary Academy,Academy converter,Open,Barkby Thorpe Lane,Thurmaston,Leicester,Leicestershire,LE4 8GP,www.bishopellis.leics.sch.uk,1162695510.0,Mr,Andrew,Monaghan,Headteacher,Roman Catholic,Mixed,Primary,01/06/2022,Melton and Syston,149144
Desford Community Primary School,Academy converter,Open,Kirkby Road,Desford,Leicester,Leicestershire,LE9 9JH,www.desford.leics.sch.uk,1455822379.0,Mr,Colin,Wilson,Headteacher,Does not apply,Mixed,Primary,01/09/2022,Hinckley and Bosworth,149267
Iveshead School,Academy converter,Open,Forest Street,Shepshed,Loughborough,Leicestershire,LE12 9DB,www.ivesheadschool.org,1509602156.0,Mr,Matthew,Parrott,Principal,Does not apply,Mixed,Secondary,01/12/2022,Loughborough,149271
Ravenhurst Primary School,Academy converter,Open,Ravenhurst Road,Braunstone Town,Leicester,Leicestershire,LE3 2PS,www.ravenhurst.leics.sch.uk/,1162897808.0,Mrs,Keily,Stretton,Headteacher,Does not apply,Mixed,Primary,01/11/2022,Mid Leicestershire,149371
Charnwood Primary School,Academy converter,Open,Nedham Street,,Leicester,Leicestershire,LE2 0HE,www.charnwood.leicester.sch.uk/,1162516574.0,Ms,Nazma,Jassat,Headteacher,Does not apply,Mixed,Primary,01/04/2023,Leicester South,149647
Hollycroft Primary School,Free schools,Open,Greenfinch Road,,HINCKLEY,,LE10 3GL,https://www.hollycroftschool.co.uk/,1455241171.0,Miss,Natalie,Hackett,,,Mixed,Primary,01/09/2023,Hinckley and Bosworth,149749
Inglehurst Infant School,Academy sponsor led,Open,Ingle Street,,Leicester,Leicestershire,LE3 9FS,,1162622479.0,Ms,Kerry,Pochin,,Does not apply,Mixed,Primary,01/07/2023,Leicester West,150026
Scalford Church of England Primary School,Academy converter,Open,School Lane,Scalford,Melton Mowbray,Leicestershire,LE14 4DT,http://www.scalford.leics.sch.uk/,1664444282.0,Mrs,Melanie,Wrightam,Headteacher,Church of England,Mixed,Primary,01/12/2023,Melton and Syston,150049
Newlands Community Primary School,Academy converter,Open,Belle Vue Road,Earl Shilton,Leicester,,LE9 7PA,www.newlands.leics.sch.uk,1455844369.0,Mrs,Jenny,Cooling,Headteacher,Does not apply,Mixed,Primary,01/01/2024,Hinckley and Bosworth,150436
Buckminster Primary School,Academy sponsor led,Open,School Lane,Buckminster,Grantham,Leicestershire,NG33 5RZ,,1476860315.0,Mrs,Julia,Orridge,,Does not apply,Mixed,Primary,01/11/2024,Melton and Syston,150511
Woodhouse Eaves St Paul's Church of England Primary School,Academy converter,Open,"Meadow Road,",Woodhouse Eaves,Loughborough,Leicestershire,LE12 8SA,http://www.st-pauls.leics.sch.uk,1509890483.0,Mrs,Lisa,Gilchrist,Headteacher,Church of England,Mixed,Primary,01/04/2024,Mid Leicestershire,150642
Buswells Lodge Primary School,Academy sponsor led,Open,Beauville Drive,Beaumont Leys,Leicester,Leicestershire,LE4 0PT,,1162352129.0,Mr,Scott,Fewster,Headteacher,Does not apply,Mixed,Primary,01/12/2024,Leicester West,150730
Wellington Place Primary School,Free schools,Open,Airfield Road,,Market Harborough,Leicestershire,LE16 7BY,https://wellingtonplaceprimary.co.uk/,1858451023.0,Mrs,Cressida,Knox,,,Mixed,Primary,27/08/2024,"Harborough, Oadby and Wigston",150744
Bowman Academy,Free schools special,Open,Butthole Lane,,Loughborough,Leicestershire,LE12 9BN,https://bowman-cit.co.uk/welcome/,1509363063.0,Mr,Ashley,Caress,,,Mixed,Not applicable,21/08/2024,Loughborough,150787
Shenton Primary School,Academy converter,Open,Dunlin Road,Off Humberstone Road,Leicester,Leicestershire,LE5 3FP,www.shenton.leicester.sch.uk/,1162628778.0,Ms,Gita,Patel,Head Teacher,Does not apply,Mixed,Primary,01/06/2024,Leicester East,150884
Bridge Junior School,Academy converter,Open,Mere Close,Off Mere Road,Leicester,Leicestershire,LE5 3HH,www.bridge.leicester.sch.uk/,,Mr,Jason,Williamson,Headteacher,Does not apply,Mixed,Primary,01/09/2024,Leicester East,150905
Foxton Primary School,Academy converter,Open,Gallow Field Road,Foxton,Market Harborough,Leicestershire,LE16 7QZ,http://www.foxton.leics.sch.uk,1858545328.0,Mr,George,Norman,Headteacher,Does not apply,Mixed,Primary,01/09/2024,"Harborough, Oadby and Wigston",151090
Sutton Bonington Primary School,Academy converter,Open,Park Lane,Sutton Bonington,Loughborough,Leicestershire,LE12 5NH,https://www.suttonbonington.org.uk/,1509672661.0,Mr,Paul,Allen,Headteacher,Does not apply,Mixed,Primary,01/09/2024,Rushcliffe,151099
Badgerbrook Primary School,Academy converter,Open,Badger Drive,Whetstone,Leicester,Leicestershire,LE8 6ZW,https://badgerbrook.org,1162752353.0,Mrs,Joanne,Andrews (Interim Head Teacher),Headteacher,Does not apply,Mixed,Primary,01/09/2024,South Leicestershire,151128
Booth Wood Academy,Academy converter,Open,Old Ashby Road,,Loughborough,Leicestershire,LE11 4PG,https://boothwoodacademy.co.uk,1509267876.0,Mrs,Heather,Sharpe,Headteacher,Does not apply,Mixed,Primary,01/11/2024,Loughborough,151155
Normanton-On-Soar Primary School,Academy sponsor led,Open,Main Street,Normanton-on-Soar,Loughborough,Leicestershire,LE12 5HB,,1509842326.0,Mrs,Sarah,Philpott,,Does not apply,Mixed,Primary,01/10/2024,Rushcliffe,151159
