name,type,status,street,locality,town,county,postcode,website,phone,head_title,head_first_name,head_last_name,head_job_title,religion,gender,phase,opened_date,constituency,urn,email,has_pupil_premium,has_financial_reports,staff_contacts
Pinxton Nursery School,Local authority nursery school,Open,Kirkstead Road,Pinxton,Nottingham,Nottinghamshire,NG16 6NA,http://www.pinxtonnurseryschool.co.uk,1773863105.0,Mrs,Jayne,Allton,Head Teacher,Does not apply,Mixed,Nursery,,Bolsover,112483,Headteacher@pinxton.derbyshire.sch.uk,True,True,Headteacher@pinxton.derbyshire.sch.uk
Parklands Infant and Nursery School,Community school,Open,Derby Road,Long Eaton,Nottingham,Nottinghamshire,NG10 4BJ,http://www.parklands-school.co.uk,1159732667.0,Mrs,Karen,Callaghan,Headteacher,Does not apply,Mixed,Primary,,Erewash,112583,,False,False,
Grange Primary School,Community school,Open,Station Road,Long Eaton,Nottingham,Nottinghamshire,NG10 2DU,http://www.grangeton.uk,1159734956.0,Mrs,Zoe,Buxton,Headteacher,Does not apply,Mixed,Primary,,Erewash,112584,enquiries@grange.derbyshire.sch.uk,True,False,
Longmoor Primary School,Community school,Open,Newstead Road,Long Eaton,Nottingham,Nottinghamshire,NG10 4JG,http://www.longmoorprimary.com/,1159733368.0,Mrs,Susan,Dainty,Headteacher,Does not apply,Mixed,Primary,,Erewash,112585,,True,False,
Anthony Bek Community Primary School,Community school,Open,Rotherham Road,Pleasley,Mansfield,Nottinghamshire,NG19 7PG,www.anthonybek.com,1623810355.0,Mrs,Donna-Marie,Johnson,Headteacher,Does not apply,Mixed,Primary,,Bolsover,112610,,True,True,
Ladycross Infant School,Community school,Open,Victoria Road,Sandiacre,Nottingham,Nottinghamshire,NG10 5JD,https://www.ladycross-school.co.uk/,1159397379.0,Mrs,Kathryn,McKinley,Headteacher,Does not apply,Mixed,Primary,,Erewash,112614,info@ladycross.derbyshire.sch.uk,True,False,
Brookfield Primary School,Community school,Open,Burlington Avenue,Langwith Junction,Mansfield,Nottinghamshire,NG20 9AD,http://www.brookfield-pri.com,1623742285.0,Mrs,Nicola,Walker,Headteacher,Does not apply,Mixed,Primary,,Bolsover,112619,,False,False,
The Park Infant & Nursery School,Community school,Open,Orchard Close,Park Road,Mansfield,Nottinghamshire,NG20 8JX,www.parkfed.co.uk,1623742663.0,Mr,Nadeem,Shah,Headteacher,Does not apply,Mixed,Primary,,Bolsover,112672,,True,True,
The Park Junior School,Community school,Open,Orchard Close,,Mansfield,Nottinghamshire,NG20 8JX,www.parkfed.co.uk,1623742663.0,Mr,Nadeem,Shah,Headteacher,Does not apply,Mixed,Primary,,Bolsover,112682,,True,True,
Langley Mill Church of England Infant School and Nursery,Voluntary controlled school,Open,Sedgwick Street,Langley Mill,Nottingham,Nottinghamshire,NG16 4DT,www.langleymillinfantschool.co.uk,1773713429.0,Mrs,Suzanne,Gardner,Headteacher,Church of England,Mixed,Primary,,Amber Valley,112827,info@langleymill-inf.derbyshire.sch.uk,True,True,
Annesley Primary and Nursery School,Community school,Open,Forest Road,Annesley Woodhouse,Nottingham,Nottinghamshire,NG17 9BW,http://www.annesleyprimaryschool.com,1623468806.0,Mr,Robert,Slater,Headteacher,Does not apply,Mixed,Primary,,Ashfield,122404,605a7baede844d278b89dc95ae0a9123@sentry-next.wixpress.com,True,False,@font-face {font-family: 'assistant-semibold'; font-style: normal; font-weight:  | @font-face {font-family: 'assistant-semibold'; font-style: normal; font-weight: 
Carrington Primary and Nursery School,Community school,Open,Jenner Street,Carrington,Nottingham,Nottinghamshire,NG5 2BF,www.carrington.nottingham.sch.uk/,1159156825.0,Mr,Jimmy,Digges,Headteacher,Does not apply,Mixed,Primary,,Nottingham East,122414,admin@carrington.nottingham.sch.uk,True,False,Email: admin@carrington.nottingham.sch.uk | Email: admin@carrington.nottingham.sch.uk
Dunkirk Primary and Nursery School,Community school,Open,Marlborough Street,Dunkirk,Nottingham,Nottinghamshire,NG7 2LE,www.dunkirkprimary.com,1159153273.0,Mrs,H,Hollis,Headteacher,Does not apply,Mixed,Primary,,Nottingham South,122416,admin@dunkirk.nottingham.sch.uk,True,False,
Melbury Primary School,Community school,Open,Melbury Road,Bilborough,Nottingham,Nottinghamshire,NG8 4AU,http://www.melburyprimary.co.uk/,1159155787.0,Mrs,Judith,Kemplay,Headteacher,Does not apply,Mixed,Primary,,Nottingham South,122426,,False,False,
Middleton Primary and Nursery School,Community school,Open,Harrow Road,Wollaton,Nottingham,Nottinghamshire,NG8 1FG,www.middletonprimary.com,1159153261.0,Mr,Mark,Brumwell,Head Teacher,Does not apply,Mixed,Primary,,Nottingham South,122427,headteacher@middleton.nottingham.sch.uk,True,False,headteacher@middleton.nottingham.sch.uk                                     offi | headteacher@middleton.nottingham.sch.uk
Nettleworth Infant and Nursery School,Community school,Open,Ley Lane,Mansfield Woodhouse,Mansfield,Nottinghamshire,NG19 8LD,www.nettleworth.notts.sch.uk,1623455940.0,Mrs,Debra,Hyslop,Headteacher,Does not apply,Mixed,Primary,,Mansfield,122440,office24@nettleworth.notts.sch.uk,False,False,
Leas Park Junior School,Community school,Open,Ley Lane,Mansfield Woodhouse,Mansfield,Nottinghamshire,NG19 8LD,www.leaspark.notts.sch.uk/,1623477629.0,Mrs,Toni,Hall,Headteacher,Does not apply,Mixed,Primary,,Mansfield,122441,admin1@leaspark.notts.sch.uk,True,False,
Heathfield Primary and Nursery School,Community school,Open,Scotland Road,Basford,Nottingham,Nottinghamshire,NG5 1JU,www.heathfieldprimary.org.uk,1159155725.0,Co Headteacher,Julia Dickens,Gareth Hicks,Headteacher,Does not apply,Mixed,Primary,,Nottingham North and Kimberley,122442,,False,False,
John T Rice Infant and Nursery School,Community school,Open,Braemar Road,Forest Town,Mansfield,Nottinghamshire,NG19 0LL,www.johntrice.notts.sch.uk/,1623465588.0,Mrs,Shelley,Bennett,Headteacher,Does not apply,Mixed,Primary,,Mansfield,122452,,True,False,
Newlands Junior School,Community school,Open,Braemar Road,Forest Town,Mansfield,Nottinghamshire,NG19 0LN,www.newlandsjunior.co.uk/,1623480440.0,Mrs,Alison,Castledine,Head Teacher,Does not apply,Mixed,Primary,,Sherwood Forest,122453,,False,False,
Walter Halls Primary and Early Years School,Community school,Open,Querneby Road,Mapperley,Nottingham,Nottinghamshire,NG3 5HS,http://www.walterhallsprimary.co.uk/,1159150045.0,Mrs,Emma,Beardah,Headteacher,Does not apply,Mixed,Primary,,Nottingham East,122456,admin@walterhalls.nottingham.sch.uk,True,False,admin@walterhalls.nottingham.sch.uk
Southwold Primary School and Early Years' Centre,Community school,Open,Kennington Road,Radford,Nottingham,Nottinghamshire,NG8 1QD,www.southwoldprimary.com,1159155756.0,,Yolanda,Salmeron,Headteacher,Does not apply,Mixed,Primary,,Nottingham South,122465,admin@southwold.nottingham.sch.uk,False,False,"Kennington Road, Radford, Nottingham, NG81QD - Tel: 01159155756 - admin@southwol"
Rise Park Primary and Nursery School,Community school,Open,Bestwood Park Drive West,Rise Park,Nottingham,Nottinghamshire,NG5 5EL,www.riseparkprimaryschool.co.uk,1159153775.0,Mrs,Natasha,Kelly,Headteacher,Does not apply,Mixed,Primary,,Nottingham North and Kimberley,122474,admin@risepark.nottingham.sch.uk,True,False,
Crabtree Farm Primary School,Community school,Open,Steadfold Close,Crabtree Road,Nottingham,Nottinghamshire,NG6 8AX,www.crabtreefarmprimary.com/,1159155737.0,Miss,L,Haskey,Headteacher,Does not apply,Mixed,Primary,,Nottingham North and Kimberley,122476,605a7baede844d278b89dc95ae0a9123@sentry-next.wixpress.com,True,True,
Welbeck Primary School,Community school,Open,Kinglake Place,Meadows,Nottingham,Nottinghamshire,NG2 1NT,www.welbeck.nottingham.sch.uk/,1159153890.0,Mrs,Rebecca,Gittins,Headteacher,Does not apply,Mixed,Primary,,Nottingham South,122480,,False,False,
Mellers Primary School,Community school,Open,Norton Street,Radford,Nottingham,Nottinghamshire,NG7 3HJ,mellersprimary.co.uk,1159151796.0,Miss,Lorna Dermody,and Mrs Joy Buttress,Headteacher,Does not apply,Mixed,Primary,,Nottingham South,122481,admin@mellers.nottingham.sch.uk,True,False,
Haydn Primary School,Community school,Open,Haydn Road,Sherwood,Nottingham,Nottinghamshire,NG5 2JU,www.haydn.nottingham.sch.uk,1159150193.0,Ms,Lisa,Paulson,Headteacher (Jobshare),Does not apply,Mixed,Primary,,Nottingham East,122486,,False,False,
Hempshill Hall Primary School,Community school,Open,Armstrong Road,Hempshill Vale Estate,Nottingham,Nottinghamshire,NG6 7AT,www.hempshillhallprimary.com/,1159153275.0,Mrs,Sally,Dakin,Headteacher,Does not apply,Mixed,Primary,,Nottingham North and Kimberley,122493,primahengkiki@gmail.com,False,True,
Hetts Lane Infant and Nursery School,Community school,Open,Hetts Lane,Warsop,Mansfield,Nottinghamshire,NG20 0AS,www.hettslane.com/,1623842224.0,Mrs,Lucy,Stancliffe,Headteacher,Does not apply,Mixed,Primary,,Mansfield,122496,,False,False,
Eastlands Junior School (Welbeck Federation of Schools),Community school,Open,Netherfield Lane,Meden Vale,Mansfield,Nottinghamshire,NG20 9PA,https://www.thewelbeckfederation.org/,1623842257.0,Mrs,Julie,Rischer,Executive Headteacher,Does not apply,Mixed,Primary,,Mansfield,122497,,False,False,
Netherfield Infant School (Welbeck Federation of Schools),Community school,Open,Netherfield Lane,Meden Vale,Mansfield,Nottinghamshire,NG20 9PA,https://www.thewelbeckfederation.org/,1623842683.0,Mrs,Julie,Rischer,Executive Headteacher,Does not apply,Mixed,Primary,,Mansfield,122498,,True,False,
Sherwood Junior School,Community school,Open,Sherwood Street,Warsop,Mansfield,Nottinghamshire,NG20 0JT,www.sherwood.notts.sch.uk/,1623842545.0,Mrs,Helen,Simpson,Headteacher,Does not apply,Mixed,Primary,,Mansfield,122501,,False,False,
Arno Vale Junior School,Community school,Open,Saville Road,Woodthorpe,Nottingham,Nottinghamshire,NG5 4JF,www.arnovale.co.uk/,1159536400.0,Mr,A,Rossington,Headteacher,Does not apply,Mixed,Primary,,Gedling,122509,,False,False,
Woodthorpe Infant School,Community school,Open,Arno Vale Road,Woodthorpe,Nottingham,Nottinghamshire,NG5 4JG,www.woodthorpeinfantschool.co.uk,1159263820.0,Mrs,Emma,Bowler,Headteacher,Does not apply,Mixed,Primary,,Gedling,122511,office@arnoldwoodthorpe.notts.sch.uk,False,True,
Coppice Farm Primary School,Community school,Open,Laver Close,Arnold,Nottingham,Nottinghamshire,NG5 7LS,www.coppicefarm.notts.sch.uk/,1159560990.0,Mrs,Donna,Quarless-McGee,Headteacher,Does not apply,Mixed,Primary,,Gedling,122516,office@coppicefarm.notts.sch.uk,True,False,"Laver Close, Nottingham, Nottinghamshire NG5 7LS                     office@copp"
Pinewood Infant and Nursery School,Community school,Open,Pinewood Avenue,Arnold,Nottingham,Nottinghamshire,NG5 8BU,www.pinewood.notts.sch.uk,1159521717.0,Ms,Rachel,Otter,Headteacher,Does not apply,Mixed,Primary,,Gedling,122520,,False,False,
Mapperley Plains Primary and Nursery School,Community school,Open,Central Avenue,Mapperley,Nottingham,Nottinghamshire,NG3 5LD,www.mapperleyplainsprimaryschool.co.uk,1159649360.0,Mrs,Jacqueline,Hill,Headteacher,Does not apply,Mixed,Primary,,Gedling,122525,office@mapperleyplains.notts.sch.uk,True,True,
Standhill Infants' School,Community school,Open,Standhill Road,Carlton,Nottingham,Nottinghamshire,NG4 1JL,www.standhillinfants.co.uk,1158476787.0,Miss,Rachel,Randall,Headteacher,Does not apply,Mixed,Primary,,Gedling,122530,,True,True,
Priory Junior School,Community school,Open,Priory Road,Gedling,Nottingham,Nottinghamshire,NG4 3LE,www.priory-jun.notts.sch.uk,1159526100.0,Mr,Jack,Cross,Headteacher,Does not apply,Mixed,Primary,,Gedling,122531,office@priory-jun.notts.sch.uk,True,False,
Phoenix Infant and Nursery School,Community school,Open,Phoenix Avenue,Gedling,Nottingham,Nottinghamshire,NG4 4EL,www.phoenixinfant.co.uk,1159539927.0,Mrs,Lisa,Harper,Headteacher,Does not apply,Mixed,Primary,,Gedling,122532,office@phoenix.notts.sch.uk,True,False,
Westdale Infant School,Community school,Open,"Digby Avenue, Westdale Lane",Mapperley,Nottingham,Nottinghamshire,NG3 6ET,www.westdaleinfants.com,1159531606.0,Mrs,Rebecca,Lewis,Headteacher,Does not apply,Mixed,Primary,,Gedling,122535,,False,False,
Bramcote Hills Primary School,Community school,Open,Moor Lane,Bramcote Hills,Nottingham,Nottinghamshire,NG9 3GE,www.bramcotehills.org,1159179226.0,Mr,P,Taylor,Headteacher,Does not apply,Mixed,Primary,,Broxtowe,122536,office@bramcotehills.notts.sch.uk,True,False,
Beeston Rylands Junior School,Community school,Open,Trent Road,Beeston,Nottingham,Nottinghamshire,NG9 1LJ,http://www.beestonrylandsjunior.co.uk,1159178355.0,Mrs,Catherine,Turner,Executive Head,Does not apply,Mixed,Primary,,Broxtowe,122540,office@rylands.notts.sch.uk,True,False,office@rylands.notts.sch.uk | office@trentvale.notts.sch.uk
Trent Vale Infant School,Community school,Open,Trent Road,Beeston Rylands,Nottingham,Nottinghamshire,NG9 1LP,www.trentvale.notts.sch.uk/,1159179224.0,Mrs,Janine,Barratt,Executive Headteacher,Does not apply,Mixed,Primary,,Broxtowe,122541,,False,False,
Eskdale Junior School,Community school,Open,Eskdale Drive,Chilwell,Nottingham,Nottinghamshire,NG9 5NA,www.eskdale.notts.sch.uk/,1159179272.0,Mr,Robin,Scruton,Headteacher,Does not apply,Mixed,Primary,,Broxtowe,122545,,True,False,
Albany Junior School,Community school,Open,Pasture Road,Stapleford,Nottingham,Nottinghamshire,NG9 8HR,www.albanyjunior.co.uk/,1159176550.0,Mrs,Laura,Goffin,Headteacher,Does not apply,Mixed,Primary,,Broxtowe,122546,office@albany-jun.notts.sch.uk,True,True,office@albany-jun.notts.sch.uk
Albany Infant and Nursery School,Community school,Open,Grenville Drive,Stapleford,Nottingham,Nottinghamshire,NG9 8PD,www.albanyinfants.co.uk/,1159179212.0,Ms,Kirsten,O'Neill,Headteacher,Does not apply,Mixed,Primary,,Broxtowe,122547,office@albany-inf.notts.sch.uk,True,False,office@albany-inf.notts.sch.uk
William Lilley Infant and Nursery School,Community school,Open,Halls Road,Stapleford,Nottingham,Nottinghamshire,NG9 7FS,www.williamlilley.notts.sch.uk,1159179277.0,Mrs,Sally,Beardsley,Headteacher,Does not apply,Mixed,Primary,,Broxtowe,122551,,True,False,
Toton Banks Road Infant and Nursery School,Community school,Open,Banks Road Toton,Beeston,Nottingham,Nottinghamshire,NG9 6HE,www.banksroadschool.co.uk/,1159179881.0,Mrs,Helen,Taylor,Headteacher,Does not apply,Mixed,Primary,,Broxtowe,122555,,False,False,
Glade Hill Primary & Nursery School,Community school,Open,Chippenham Road,Bestwood Park,Nottingham,Nottinghamshire,NG5 5TA,www.gladehill.nottingham.sch.uk,1159150298.0,Mrs,Anna,Stapleton,Head Teacher,Does not apply,Mixed,Primary,,Nottingham North and Kimberley,122561,,True,True,
Brinsley Primary and Nursery School,Community school,Open,Moor Road,Brinsley,Nottingham,Nottinghamshire,NG16 5AZ,www.brinsley.notts.sch.uk,1773783898.0,Mr,Jason,Osprey,Headteacher,Does not apply,Mixed,Primary,,Broxtowe,122566,office19@brinsley.notts.sch.uk,True,False,&#xe076;office19@brinsley.notts.sch.uk
Larkfields Junior School,Foundation school,Open,Coronation Road,Nuthall,Nottingham,Nottinghamshire,NG16 1EP,www.larkfields.schooljotter2.com/,1159194343.0,Mrs,Jessica,Scott,Head Teacher,Does not apply,Mixed,Primary,01/01/1900,Nottingham North and Kimberley,122575,,False,False,
Bagthorpe Primary School,Community school,Open,School Road,Bagthorpe,Nottingham,Nottinghamshire,NG16 5HB,www.bagthorpeprimary.com,1773782843.0,Mr,David,Walton,Headteacher,Does not apply,Mixed,Primary,,Ashfield,122578,office@bagthorpe.notts.sch.uk,True,True,office@bagthorpe.notts.sch.uk
Holly Hill Primary and Nursery School,Community school,Open,"School Road, Off Portland Road",Selston,Nottingham,Nottinghamshire,NG16 6AW,https://hollyhillnotts.secure-primarysite.net/,1773783909.0,Mrs,Leanne,Steed,Acting Headteacher,Does not apply,Mixed,Primary,,Ashfield,122579,,True,True,
Jacksdale Primary and Nursery School,Community school,Open,Main Road,Jacksdale,Nottingham,Nottinghamshire,NG16 5JU,http://www.jacksdaleprimary.co.uk,1773783930.0,Miss,Julie,Brockerton,Headteacher,Does not apply,Mixed,Primary,,Ashfield,122580,,True,False,
Westwood Infant and Nursery School,Community school,Open,Palmerston Street,Westwood,Nottingham,Nottinghamshire,NG16 5JA,http://www.westwood.notts.sch.uk,1773783899.0,Miss,Lizzy,Woodcock,Headteacher,Does not apply,Mixed,Primary,,Ashfield,122581,,False,True,
Beardall Fields Primary and Nursery School,Community school,Open,Kenbrook Road,Hucknall,Nottingham,Nottinghamshire,NG15 8HY,www.beardallfields.org.uk/,1159638845.0,Miss,Katherine,Collins,Headteacher,Does not apply,Mixed,Primary,,Sherwood Forest,122584,,True,False,
Broomhill Junior School,Community school,Open,Broomhill Road,Hucknall,Nottingham,Nottinghamshire,NG15 6AJ,http://www.broomhilljuniorschool.co.uk,1159525694.0,Mr,Andrew,Beckinsale-Yates,Headteacher,Does not apply,Mixed,Primary,,Sherwood Forest,122585,office@broomhill-jun.notts.sch.uk,True,True,office@broomhill-jun.notts.sch.uk
Butler's Hill Infant and Nursery School,Community school,Open,Broomhill Road,Hucknall,Nottingham,Nottinghamshire,NG15 6AJ,www.butlershillinfantandnurseryschool.co.uk,1159525904.0,Mrs,Rachel,Hallam,Headteacher,Does not apply,Mixed,Primary,,Sherwood Forest,122586,,True,False,
Edgewood Primary and Nursery School,Community school,Open,Edgewood Drive,Hucknall,Nottingham,Nottinghamshire,NG15 6HX,www.edgewoodprimaryschool.co.uk/,1159561337.0,Mr,Ed,Seeley,Head of School,Does not apply,Mixed,Primary,,Sherwood Forest,122587,,False,False,
Leen Mills Primary School,Community school,Open,Leen Mills Lane,Vaughan Estate,Nottingham,Nottinghamshire,NG15 8BZ,www.leenmillsprimary.co.uk/,1159536688.0,Mrs,K,Goldson,Headteacher,Does not apply,Mixed,Primary,,Sherwood Forest,122589,,False,False,
Lady Bay Primary School,Community school,Open,Trent Boulevard,West Bridgford,Nottingham,Nottinghamshire,NG2 5BD,http://www.ladybay.notts.sch.uk/,1159747001.0,Mr,Steve,Border,Headteacher,Does not apply,Mixed,Primary,,Rushcliffe,122596,,True,True,
Jesse Gray Primary School,Community school,Open,Musters Road,West Bridgford,Nottingham,Nottinghamshire,NG2 7DD,http://www.jessegray.notts.sch.uk,1159748002.0,Mr,Chris,Belton,Headteacher,Does not apply,Mixed,Primary,,Rushcliffe,122597,office@jessegray.notts.sch.uk,True,False,"href=""mailto:office@jessegray.notts.sch.uk?subject=Enquiry%20from%20website"">off"
West Bridgford Infant School,Community school,Open,Avon Gardens,George Road,Nottingham,Nottinghamshire,NG2 6BP,www.westbridgfordinfants.co.uk,1159747885.0,Mr,James,Willis,Headteacher,Does not apply,Mixed,Primary,,Rushcliffe,122598,admin@westbridgford-inf.notts.sch.uk,True,False,
West Bridgford Junior School,Community school,Open,Exchange Road,West Bridgford,Nottingham,Nottinghamshire,NG2 6DB,http://www.wbjs.com/,1159140201.0,Mr,James,Willis,Headteacher,Does not apply,Mixed,Primary,,Rushcliffe,122600,admin@wbjs.com,True,False,
Carnarvon Primary School,Community school,Open,Nursery Road,Bingham,Nottingham,Nottinghamshire,NG13 8EH,http://www.carnarvon.notts.sch.uk,1949838246.0,Mr,Andrew,Board,Headteacher,Does not apply,Mixed,Primary,,Newark,122621,office@carnarvon.notts.sch.uk,True,False,
Manor Park Infant and Nursery School,Community school,Open,Flatts Lane,Calverton,Nottingham,Nottinghamshire,NG14 6JZ,www.manorparkcalverton.co.uk/,1159652472.0,Miss,Stefanie,Hanson,Headteacher,Does not apply,Mixed,Primary,,Sherwood Forest,122625,office@manorpark.notts.sch.uk,True,False,
King Edwin Primary and Nursery School,Community school,Open,Fourth Avenue,Edwinstowe,Mansfield,Nottinghamshire,NG21 9NS,www.kingedwin.notts.sch.uk/,1623822111.0,Mr,Andy,Callaghan-Wetton,Acting Headteacher,Does not apply,Mixed,Primary,,Sherwood Forest,122639,office@kingedwin.notts.sch.uk,True,False,office@kingedwin.notts.sch.uk
Gotham Primary School,Community school,Open,Kegworth Road,Gotham,Nottingham,Nottinghamshire,NG11 0JS,www.gothamprimary.co.uk,1159149751.0,Miss,Janette,Allen,Headteacher,Does not apply,Mixed,Primary,,Rushcliffe,122644,,True,False,
Willow Brook Primary School,Community school,Open,Willow Brook,Keyworth,Nottingham,Nottinghamshire,NG12 5BB,www.willowbrook.notts.sch.uk/,1159149889.0,,Louise,Ballard,Headteacher,Does not apply,Mixed,Primary,,Rushcliffe,122650,office@willowbrook.notts.sch.uk,True,False,
Kinoulton Primary School,Community school,Open,Main Street,Kinoulton,Nottingham,Nottinghamshire,NG12 3EL,www.kinoulton.notts.sch.uk/,194981203.0,Mr,Simon,Paramore,Headteacher,Does not apply,Mixed,Primary,,Rushcliffe,122651,office@kinoulton.notts.sch.uk,True,False,
Lambley Primary School,Community school,Open,Catfoot Lane,Lambley,Nottingham,Nottinghamshire,NG4 4QF,www.lambleyprimaryschool.org.uk/,1159313515.0,Mr,Lee,Christopher,Headteacher,Does not apply,Mixed,Primary,,Gedling,122654,head@lambley.notts.sch.uk,True,False,head@lambley.notts.sch.uk
Newstead Primary and Nursery School,Community school,Open,Hucknall Road,Newstead Village,Nottingham,Nottinghamshire,NG15 0BB,http://www.newstead.notts.sch.uk,1623753681.0,Mrs,Helen,Woodward,Headteacher,Does not apply,Mixed,Primary,,Sherwood Forest,122658,office@newstead.notts.sch.uk,True,False,
Abbey Gates Primary School,Community school,Open,Vernon Crescent,Ravenshead,Nottingham,Nottinghamshire,NG15 9BN,www.abbeygatesprimaryschool.co.uk/,1623461010.0,Mrs,Abi,Quant-Epps,Headteacher,Does not apply,Mixed,Primary,,Sherwood Forest,122659,office@agps.org.uk,True,True,
Orston Primary School,Community school,Open,Church Street,Orston,Nottingham,Nottinghamshire,NG13 9NS,www.orston.primarysite.net/,1949850618.0,Ms,Nikki,Crosby,Headteacher,Does not apply,Mixed,Primary,,Newark,122668,,False,False,
Radcliffe-on-Trent Infant and Nursery School,Community school,Open,Bingham Road,Radcliffe-on-Trent,Nottingham,Nottinghamshire,NG12 2FU,www.rotins.notts.sch.uk/,1159112991.0,Miss,Kate,Geary,Headteacher,Does not apply,Mixed,Primary,,Rushcliffe,122669,admin@rotins.notts.sch.uk,True,True,admin@rotins.notts.sch.uk
Radcliffe-on-Trent Junior School,Community school,Open,Cropwell Road,Radcliffe-on-Trent,Nottingham,Nottinghamshire,NG12 2FS,www.rotjs.notts.sch.uk,1159110193.0,Mrs,C,Allsopp,Headteacher,Does not apply,Mixed,Primary,,Rushcliffe,122670,office@rotjs.notts.sch.uk,True,True,office@rotjs.notts.sch.uk
Lake View Primary and Nursery School,Community school,Open,Rainworth Water Road,Rainworth,Mansfield,Nottinghamshire,NG21 0DU,www.lakeviewprimary.org,1623401404.0,Mr,Shaun,Walker,Headteacher,Does not apply,Mixed,Primary,,Sherwood Forest,122674,,False,False,
James Peacock Infant and Nursery School,Community school,Open,Manor Park,Ruddington,Nottingham,Nottinghamshire,NG11 6DS,www.jamespeacock.org.uk/,1159144225.0,Mrs,Hannah,Cutts,Head Teacher,Does not apply,Mixed,Primary,,Rushcliffe,122675,,True,True,
Claremont Primary and Nursery School,Community school,Open,Claremont Road,,Nottingham,Nottinghamshire,NG5 1BH,www.claremontnottingham.co.uk,1159156870.0,Mr,Robert,Campbell,Headteacher,Does not apply,Mixed,Primary,,Nottingham East,122702,,False,False,
Snape Wood Primary and Nursery School,Community school,Open,Aspen Road,Bulwell,Nottingham,Nottinghamshire,NG6 7DS,www.snapewood.nottingham.sch.uk/,1159159146.0,Mrs,Shewley,Choudhury,Acting Headteacher,Does not apply,Mixed,Primary,,Nottingham North and Kimberley,122703,,True,False,
Morven Park Primary and Nursery School,Community school,Open,School Street,Kirkby-in-Ashfield,Nottingham,Nottinghamshire,NG17 7BT,http://www.morvenpark.co.uk/,1623459395.0,Mr,Mark,Watson,Headteacher,Does not apply,Mixed,Primary,,Ashfield,122717,office@morvenpark.notts.sch.uk,True,True,office@morvenpark.notts.sch.uk
Arnold Mill Primary and Nursery School,Community school,Open,Cross Street,Arnold,Nottingham,Nottinghamshire,NG5 7AX,www.arnoldmillprimary.co.uk/,1159667930.0,Mrs,Jackie,Oldfield,Headteacher,Does not apply,Mixed,Primary,,Gedling,122720,office@arnoldmill.notts.sch.uk,True,False,Cross StreetArnoldNottinghamNG5 7AX 0115 966 7930 office@arnoldmill.notts.sch.uk
Orchard Primary School and Nursery,Community school,Open,Chapel Street,Kirkby-in-Ashfield,Nottingham,Nottinghamshire,NG17 8JY,www.orchard-pri.notts.sch.uk/,1623455939.0,Ms,Alison,Prodger,Headteacher,Does not apply,Mixed,Primary,,Ashfield,122722,605a7baede844d278b89dc95ae0a9123@sentry-next.wixpress.com,True,False,
Holly Primary School,Community school,Open,Holly Drive,Forest Town,Mansfield,Nottinghamshire,NG19 0NT,http://www.holly.notts.sch.uk,1623477280.0,Mr,Duncan,White,Headteacher,Does not apply,Mixed,Primary,,Mansfield,122727,office65@holly.notts.sch.uk,True,False,Tel: 01623 477280 Email: office65@holly.notts.sch.uk
Church Vale Primary School and Foundation Unit,Community school,Open,Laurel Avenue,Church Warsop,Mansfield,Nottinghamshire,NG20 0TE,www.churchvale.notts.sch.uk,1623842250.0,Mrs,Jo,Yardley,Headteacher,Does not apply,Mixed,Primary,,Mansfield,122731,office@churchvale.notts.sch.uk,True,True,office@churchvale.notts.sch.uk
Forest Fields Primary and Nursery School,Community school,Open,Stanley Road,Off Berridge Road,Nottingham,Nottinghamshire,NG7 6GQ,www.forestfieldsprimary.co.uk,1159156872.0,Mrs,Shahida,Chowdhury,Headteacher,Does not apply,Mixed,Primary,,Nottingham East,122733,admin@forestfields.nottingham.sch.uk,True,True,admin@forestfields.nottingham.sch.uk
Heatherley Primary School,Community school,Open,Heatherley Drive,Forest Town,Mansfield,Nottinghamshire,NG19 0PY,www.heatherley.notts.sch.uk,1623420244.0,Mrs,Sarah,James,Headteacher,Does not apply,Mixed,Primary,,Mansfield,122734,office@heatherley.notts.sch.uk,True,True,
St Edmund's CofE (C) Primary School,Voluntary controlled school,Open,Church Hill Avenue,Mansfield Woodhouse,Mansfield,Nottinghamshire,NG19 9JU,www.st-edmunds.notts.sch.uk/,1623646624.0,Mr,Anthony,Bandy-Webb,Headteacher,Church of England,Mixed,Primary,,Mansfield,122741,office@st-edmunds.notts.sch.uk,True,False,
All Hallows CofE Primary School,Voluntary controlled school,Open,Priory Road,Gedling,Nottingham,Nottinghamshire,NG4 3JZ,http://www.allhallowsprimary.co.uk/,1159568277.0,Mrs,Heather,Gabb,Headteacher,Church of England,Mixed,Primary,,Gedling,122743,office@hallows.notts.sch.uk,True,True,office@hallows.notts.sch.uk
St John's CofE Primary School,Voluntary controlled school,Open,80 Nottingham Road,Stapleford,Nottingham,Nottinghamshire,NG9 8AQ,www.st-johns.notts.sch.uk/,1159177111.0,Mr,Matthew,Downes,Headteacher,Church of England,Mixed,Primary,,Broxtowe,122744,office@st-johns.notts.sch.uk,True,False,"href=""mailto:office@st-johns.notts.sch.uk?subject=Enquiry%20from%20website"">offi"
Underwood Church of England Primary School,Voluntary controlled school,Open,Main Road,Underwood,Nottingham,Nottinghamshire,NG16 5GN,http://www.underwoodschool.co.uk,1773782868.0,Mr,Ian,Baxter,Headteacher,Church of England,Mixed,Primary,,Ashfield,122746,,True,True,
Bunny CofE Primary School,Voluntary controlled school,Open,Church Street,Bunny,Nottingham,Nottinghamshire,NG11 6QW,http://www.bunnyprimaryschool.com,1159212727.0,Mrs,Victoria,White,Headteacher,Church of England,Mixed,Primary,,Rushcliffe,122751,,True,True,
St Wilfrid's CofE Primary School,Voluntary controlled school,Open,Main Street,Calverton,Nottingham,Nottinghamshire,NG14 6FG,www.stwilfridsprimary.com,1159652775.0,Miss,Lauren,Cousin,Headteacher,Church of England,Mixed,Primary,,Sherwood Forest,122752,,False,False,
Cuckney CofE Primary School,Voluntary controlled school,Open,School Lane,Cuckney,Mansfield,Nottinghamshire,NG20 9NB,www.cuckneyprimaryschool.co.uk,1623842223.0,Mrs,Lisa,Crossland,Headteacher,Church of England,Mixed,Primary,,Bassetlaw,122757,office@cuckney.notts.sch.uk,True,True,
St Peter's CofE Junior School,Voluntary controlled school,Open,Ashworth Avenue,Ruddington,Nottingham,Nottinghamshire,NG11 6GB,http://www.stpetersjunior.org.uk,1159743303.0,Mr,M,Bradley,Headteacher,Church of England,Mixed,Primary,,Rushcliffe,122767,admin.office@stpetersjunior.org.uk,False,True,admin.office@stpetersjunior.org.uk
St John's CofE Primary School,Voluntary aided school,Open,Vale Road,Colwick,Nottingham,Nottinghamshire,NG4 2ED,www.st-johns-pri.notts.sch.uk,1159115599.0,Miss,Rachel,Ireland,Headteacher,Church of England,Mixed,Primary,,Gedling,122787,office@st-johns-pri.notts.sch.uk,False,False,E-mail: office@st-johns-pri.notts.sch.uk
Bramcote CofE Primary School,Voluntary aided school,Open,Hanley Avenue,Bramcote,Nottingham,Nottinghamshire,NG9 3HE,www.bramcotecofeprimary.co.uk,1159258548.0,Mrs,Sarah,Meredith,Headteacher,Church of England,Mixed,Primary,,Broxtowe,122788,,False,False,
Lowdham CofE Primary School,Voluntary aided school,Open,Main Street,Lowdham,Nottingham,Nottinghamshire,NG14 7BE,www.lowdhamprimaryschool.co.uk/,1159663358.0,Mr,Matt,Jones,Headteacher,Church of England,Mixed,Primary,,Sherwood Forest,122806,,False,False,
Chilwell School,Foundation school,Open,Queens Road,Beeston,Nottingham,Nottinghamshire,NG9 5AL,http://www.chilwellschool.co.uk/,1159252698.0,Ms,Sarah,Baxter Williams,Headteacher,,Mixed,Secondary,,Broxtowe,122854,,False,False,
Carlton Digby School,Community special school,Open,61 Digby Avenue,Mapperley,Nottingham,Nottinghamshire,NG3 6DS,www.carltondigby.notts.sch.uk,1159568289.0,Mrs,Naomi,Boulter,Headteacher,Does not apply,Mixed,Not applicable,,Gedling,122953,,False,False,
Rosehill School,Community special school,Open,St Matthias Road,,Nottingham,Nottinghamshire,NG3 2FE,http://www.therosehillschool.com,1159155815.0,Mrs,Cheryl,Steele,Acting  Headteacher,Does not apply,Mixed,Not applicable,,Nottingham East,122964,,True,False,
Westglade Primary School,Community school,Open,Syke Road,Top Valley,Nottingham,Nottinghamshire,NG5 9BG,www.westgladeprimary.co.uk,1159157515.0,Mrs,Kim,Wenyon,Headteacher,Does not apply,Mixed,Primary,01/09/2007,Nottingham North and Kimberley,131006,,False,False,
Robin Hood Primary School,Community school,Open,Beckhampton Road,Bestwood Park,Nottingham,Nottinghamshire,NG5 5NA,www.robinhoodprimary.co.uk,1159153982.0,Mrs,Nicky,Bridges,Acting Headteacher,Does not apply,Mixed,Primary,01/09/2007,Nottingham North and Kimberley,131007,admin@robinhood.Nottingham.sch.uk,True,True,0115 9153982 - admin@robinhood.Nottingham.sch.uk
Henry Whipple Primary School,Community school,Open,Padstow Road,Bestwood,Nottingham,Nottinghamshire,NG5 5GH,www.henrywhipple.co.uk/,1159155723.0,Mr,Christopher,Johnson,Headteacher,Does not apply,Mixed,Primary,01/09/2007,Nottingham North and Kimberley,131017,,True,True,
Arnold View Primary School,Community school,Open,Gedling Road,Arnold,Nottingham,Nottinghamshire,NG5 6NW,http://www.arnoldview.notts.sch.uk,1159560967.0,Mrs,Caroline,Otterburn,Headteacher,Does not apply,Mixed,Primary,01/01/1999,Gedling,131642,,True,True,
Ravenshead CofE Primary School,Voluntary controlled school,Open,Swinton Rise,Ravenshead,Nottingham,Nottinghamshire,NG15 9FS,http://www.ravensheadcofeprimary.co.uk,1623456516.0,Mrs,Emma,Johnson,Srategic Head,Church of England,Mixed,Primary,01/09/1999,Sherwood Forest,131814,office@ravenshead.notts.sch.uk,True,True,office@ravenshead.notts.sch.uk
Pierrepont Gamston Primary School,Voluntary aided school,Open,Coledale,West Bridgford,Nottingham,Nottinghamshire,NG2 6TH,http://www.pgps.org.uk,1159819292.0,Mrs,Claire,Bills,Headteacher,Church of England,Mixed,Primary,01/09/2001,Rushcliffe,132194,,False,False,
Berry Hill Primary School,Community school,Open,Black Scotch Lane,,Mansfield,Nottinghamshire,NG18 4JW,http://www.berryhillprimary.co.uk,1623478477.0,Mr,Ben,Trenowden,Headteacher,Does not apply,Mixed,Primary,01/09/2001,Mansfield,132242,,False,False,
Crescent Primary School,Community school,Open,Booth Crescent,,Mansfield,Nottinghamshire,NG19 7LF,www.crescentprimaryschool.com/,1623468558.0,Mrs,Rachel,Spray,Headteacher,Does not apply,Mixed,Primary,01/09/2001,Ashfield,132243,,True,False,
Asquith Primary School,Community school,Open,Asquith Street,,Mansfield,Nottinghamshire,NG18 3DG,www.asquith.notts.sch.uk/,1623454969.0,Mrs,Clare,Harding,Headteacher,Does not apply,Mixed,Primary,01/09/2001,Mansfield,132250,parentsinfo@asquith.notts.sch.uk,True,True,
Northfield Primary and Nursery School,Community school,Open,Cox's Lane,Mansfield Woodhouse,Mansfield,Nottinghamshire,NG19 8PG,www.northfieldprimaryschool.co.uk,1623625589.0,Ms,Julie,Jenkins,Headteacher,Does not apply,Mixed,Primary,01/09/2001,Mansfield,132770,,False,False,
Wynndale Primary School,Community school,Open,Wynndale Drive,,Mansfield,Nottinghamshire,NG18 3NY,www.wynndale-notts.co.uk/,1623479001.0,Mrs,Rebecca,Rickersey,Headteacher,Does not apply,Mixed,Primary,01/09/2001,Mansfield,133269,office@wynndale.notts.sch.uk,True,True,
Farmilo Primary School and Nursery,Community school,Open,Woburn Lane,,Mansfield,Nottinghamshire,NG19 7RT,http://www.farmiloprimary.co.uk/,1623480107.0,Headteacher,Suzanne,Tryner,Headteacher,Does not apply,Mixed,Primary,01/09/2001,Ashfield,133272,office7@farmilo.notts.sch.uk,True,True,office7@farmilo.notts.sch.uk
Intake Farm Primary School,Community school,Open,Armstrong Road,,Mansfield,Nottinghamshire,NG19 6JA,www.intakefarmprimary.co.uk/,1623625552.0,Mr,Julian,Fieldwick,Headteacher,Does not apply,Mixed,Primary,01/09/2001,Mansfield,133273,office@intakefarm.notts.sch.uk,True,True,
High Oakham Primary School,Community school,Open,Nottingham Road,,Mansfield,Nottinghamshire,NG18 4SH,http://www.highoakham.co.uk/,1623461313.0,Mrs,Stephanie,Astle,Headteacher,Does not apply,Mixed,Primary,01/09/2001,Mansfield,133278,,True,True,
Djanogly City Academy,Academy sponsor led,Open,Gregory Boulevard,Nottingham Road,Nottingham,Nottinghamshire,NG7 6ND,http://www.djanogly.notts.sch.uk,1159421300.0,Mr,Andrew,Smith,Principal,Does not apply,Mixed,Secondary,01/09/2003,Nottingham East,134253,DCAGBReception@djanogly.notts.sch.uk,True,False,
Dovecote Primary and Nursery School,Community school,Open,Greencroft,,Nottingham,Nottinghamshire,NG11 8EY,www.dovecote.nottingham.sch.uk/,1159152953.0,Mrs,Ruth,Guy-Clark,,Does not apply,Mixed,Primary,01/09/2005,Nottingham South,134841,admin@dovecote.nottingham.sch.uk,True,False,admin@dovecote.nottingham.sch.uk
Greenfields Community School,Community school,Open,Orange Gardens,The Meadows,Nottingham,Nottinghamshire,NG2 2JE,www.greenfields.nottingham.sch.uk,1159153762.0,Mrs,Louise,Maltby,,Does not apply,Mixed,Primary,01/09/2005,Nottingham South,134842,,True,False,
The Nottingham Nursery School and Training Centre,Local authority nursery school,Open,Denman Street West,Radford,Nottingham,Nottinghamshire,NG7 3AB,www.nottinghamnurseryschool.com,1159159090.0,Co Headteacher,Joy,Buttress & Lorna Dermody,,Does not apply,Mixed,Nursery,01/09/2008,Nottingham South,135108,reception@nurseryschool.nottingham.sch.uk,True,False,
Greasley Beauvale Primary and Nursery School,Community school,Open,Greasley Avenue,Newthorpe,Nottingham,Nottinghamshire,NG16 2FJ,www.greasleybeauvale.co.uk,1773712128.0,Mrs,Michelle,Bates,Head Teacher,Does not apply,Mixed,Primary,01/09/2008,Broxtowe,135433,,False,False,
Wadsworth Fields Primary School,Community school,Open,Wadsworth Road,Stapleford,Nottingham,Nottinghamshire,NG9 8BD,www.wadsworthfieldsprimaryschool.co.uk/,1159496720.0,Ms,Lynn,Corner-Brown,Head Teacher,Does not apply,Mixed,Primary,01/09/2008,Broxtowe,135458,office@wadsworth.notts.sch.uk,True,False,
Oak Field School,Community special school,Open,Wigman Road,Bilborough,Nottingham,Nottinghamshire,NG8 3HW,www.oakfieldschool.org.uk,1159153265.0,Ms,Patricia,Lewis,,Does not apply,Mixed,Not applicable,01/09/2009,Nottingham South,135573,admin@oakfield.nottingham.sch.uk,True,True,
Samworth Church Academy,Academy sponsor led,Open,Sherwood Hall Road,,Mansfield,Nottinghamshire,NG18 2DY,http://www.samworthchurchacademy.co.uk/,1623663450.0,Ms,Lisa,McVeigh,Principal,Church of England,Mixed,Secondary,01/09/2008,Mansfield,135583,enquiries@tscacademy.org.uk,True,True,
Nottingham University Samworth Academy,Academy sponsor led,Open,Bramhall Road,Bilborough,Nottingham,Nottinghamshire,NG8 4HY,http://www.nusa.org.uk/,1159291492.0,Mr,Matthew,Turton,Head of School,Does not apply,Mixed,Secondary,02/09/2009,Nottingham South,135761,,True,False,
Nottingham Academy,Academy sponsor led,Open,Greenwood Road,,Nottingham,Nottinghamshire,NG3 7EB,http://www.nottinghamacademy.org/,1157483380.0,Co Headteacher,Jessie Elbaz,Jo French,Principal,Does not apply,Mixed,All-through,01/09/2009,Nottingham East,135881,roberta.hutley@greenwoodacademies.org,True,False,admin@nottinghamacademy.org
Shirebrook Academy,Academy sponsor led,Open,Common Lane,Shirebrook,Mansfield,Nottinghamshire,NG20 8QF,http://www.shirebrookacademy.org/,1623742722.0,Mrs,Lindsey,Burgin,Principal,Does not apply,Mixed,Secondary,01/09/2010,Bolsover,136127,,False,False,
George Spencer Academy,Academy converter,Open,Arthur Mee Road,Stapleford,Nottingham,Nottinghamshire,NG9 7EW,http://www.george-spencer.notts.sch.uk/,1159170100.0,Mrs,Helen,Corbett,Principal,,Mixed,Secondary,01/09/2010,Broxtowe,136291,shape@2x.png,True,False,
Redhill Academy,Academy converter,Open,Redhill Road,Arnold,Nottingham,Nottinghamshire,NG5 8GX,http://www.theredhillacademy.org.uk/,1159261481.0,Mr,Michael,Hardy,Headteacher,,Mixed,Secondary,01/12/2010,Gedling,136361,admin@theredhillacademy.org.uk,False,False,
The West Bridgford School,Academy converter,Open,Loughborough Road,West Bridgford,Nottingham,Nottinghamshire,NG2 7FA,http://www.wbs.school,1159744488.0,Mr,Tim,Peacock,Principal,,Mixed,Secondary,01/04/2011,Rushcliffe,136628,adminoffice@wbs.school,True,False,E: adminoffice@wbs.school
The Long Eaton School,Academy converter,Open,Thoresby Road,Long Eaton,Nottingham,Nottinghamshire,NG10 3NP,http://www.longeaton.derbyshire.sch.uk/,1159732438.0,Mr,Mark,Shipman,Headteacher,,Mixed,Secondary,01/04/2011,Erewash,136716,info@longeaton.derbyshire.sch.uk,True,False,
Fernwood School,Academy converter,Open,Goodwood Road,Wollaton,Nottingham,Nottinghamshire,NG8 2FT,http://www.fernwoodschool.org.uk/,1159286326.0,Mr,Christopher,Gell,Headteacher,,Mixed,Secondary,01/05/2011,Nottingham South,136724,,False,False,
Toot Hill School,Academy converter,Open,The Banks,Bingham,Nottingham,Nottinghamshire,NG13 8BL,http://www.toothillschool.co.uk/,1949875550.0,Dr,Chris,Eardley,Headteacher,,Mixed,Secondary,01/07/2011,Newark,136878,,True,False,
Carlton Academy,Academy sponsor led,Open,Coningswath Road,Carlton,Nottingham,Nottinghamshire,NG4 3SH,http://www.theacademycarlton.org.uk/,1159550010.0,Mr,Dan,Philpotts,Head Teacher,,Mixed,Secondary,01/09/2011,Gedling,137085,logo@2x.png,False,False,
South Nottinghamshire Academy,Academy sponsor led,Open,"Glebe Lane, Off Cropwell Road",Radcliffe on Trent,Nottingham,Nottinghamshire,NG12 2FQ,www.southnottinghamshireacademy.org.uk,1159110091.0,Mr,D,Philpotts,Head of Academy,,Mixed,Secondary,01/09/2011,Rushcliffe,137112,main.office@snacademy.org.uk,False,False,0115 9110091main.office@snacademy.org.ukHow to find usSouth Nottinghamshire Acad
The Manor Academy,Academy converter,Open,Park Hall Road,Mansfield Woodhouse,Mansfield,Nottinghamshire,NG19 8QA,https://www.manor.ttct.co.uk,1623425100.0,Mrs,Katrina,Kerry,Head of School,Does not apply,Mixed,Secondary,01/08/2011,Mansfield,137158,enquiries@manor.ttct.co.uk,False,False,
The National CofE Academy,Academy converter,Open,Annesley Road,Hucknall,Nottingham,Nottinghamshire,NG15 7DB,http://www.nationalacademy.org.uk,1159635667.0,Mr,Martin,Brailsford,Principal,Church of England,Mixed,Secondary,01/08/2011,Sherwood Forest,137159,adminoffice@nationalacademy.org.uk,True,False,(0115) 963 5667    adminoffice@nationalacademy.org.uk   Contact Us Get Direction | (0115) 963 5667    adminoffice@nationalacademy.org.uk
Djanogly Northgate Academy,Academy converter,Open,Suez Street,New Basford,Nottingham,Nottinghamshire,NG7 7GB,www.northgateacademy.co.uk/,1159156896.0,Mrs,Rebecca,Spencer,Head of School,Does not apply,Mixed,Primary,01/08/2011,Nottingham East,137182,,False,False,
Nottingham Girls' Academy,Academy sponsor led,Open,Robin's Wood Road,,Nottingham,Nottinghamshire,NG8 3LD,http://www.nottinghamgirlsacademy.org/,1157483410.0,,David,Tungate,Principal,Does not apply,Girls,Secondary,01/09/2011,Nottingham North and Kimberley,137184,mbrown@nottinghamgirlsacademy.org,True,False,admin@nottinghamgirlsacademy.org
Blessed Robert Widmerpool Catholic Primary and Nursery School,Academy converter,Open,Listowel Crescent,Clifton,Nottingham,Nottinghamshire,NG11 9BH,brwacademy.com,1159152392.0,Mrs,Luisa,Maylard-Mason,Headteacher,Roman Catholic,Mixed,Primary,01/09/2011,Nottingham South,137425,admin@brw.nottingham.sch.uk,True,False,admin@brw.nottingham.sch.uk
St Edmund Campion Catholic Primary School,Academy converter,Open,Tewkesbury Close,,Nottingham,Nottinghamshire,NG2 5NH,http://stedmundcampion.com,1159147889.0,Mrs,Bianca,Woolley,Headteacher,Roman Catholic,Mixed,Primary,01/09/2011,Rushcliffe,137428,office@st-edmundcampion.notts.sch.uk,True,False,office@st-edmundcampion.notts.sch.uk
Our Lady & St Edward Primary & Nursery Catholic Voluntary Academy,Academy converter,Open,Gordon Road,St Ann's,Nottingham,Nottinghamshire,NG3 2LG,www.olseacademy.org.uk,1159155800.0,Mrs,Rachel,Byrne,Headteacher,Roman Catholic,Mixed,Primary,01/09/2011,Nottingham East,137439,admin@olseacademy.org.uk,True,False,admin@olseacademy.org.uk
Warren Primary Academy,Academy converter,Open,Bewcastle Road,Top Valley,Nottingham,Nottinghamshire,NG5 9PJ,www.warrenprimary.co.uk/,1159153760.0,Mr,Ross,Middleton,Headteacher,Does not apply,Mixed,Primary,01/09/2011,Gedling,137443,,False,False,
Southwark Primary School,Academy converter,Open,Park Lane,Old Basford,Nottingham,Nottinghamshire,NG6 0DT,www.southwarkprimary.net/,1159150466.0,Mr,Bernard,Skirton,Head of School,Does not apply,Mixed,Primary,01/09/2011,Nottingham North and Kimberley,137480,,False,False,
Edna G. Olds Academy,Academy converter,Open,Church Street,Lenton,Nottingham,Nottinghamshire,NG7 1SJ,www.ednagoldsacademy.co.uk,1159156813.0,Mrs,Melany,Pemberton,Headteacher,Does not apply,Mixed,Primary,01/10/2011,Nottingham South,137525,,False,False,
St Ann's Well Academy,Academy converter,Open,Hungerhill Road,St Ann's,Nottingham,Nottinghamshire,NG3 3PQ,www.st-anns-well.co.uk/,1159155808.0,Mrs,Emma,Thorne,Headteacher,Does not apply,Mixed,Primary,01/10/2011,Nottingham East,137526,,False,False,
Huntingdon Academy,Academy converter,Open,Alfred Street Central,St Ann's,Nottingham,Nottinghamshire,NG3 4AY,www.leadacademytrust.co.uk/,1159156841.0,Mr,Ross,Middleton,Headteacher,Does not apply,Mixed,Primary,01/10/2011,Nottingham East,137550,admin@leadacademytrust.co.uk,False,False,admin@leadacademytrust.co.uk
The Joseph Whitaker School,Academy converter,Open,Warsop Lane,Rainworth,Mansfield,Nottinghamshire,NG21 0AG,http://www.josephwhitaker.org/,1623792327.0,Mrs,Carey,Ayres,Headteacher,,Mixed,Secondary,01/11/2011,Sherwood Forest,137628,office@josephwhitaker.org,True,False,01623 792327 office@josephwhitaker.org
The Brunts Academy,Academy converter,Open,The Park,,Mansfield,Nottinghamshire,NG18 2AT,www.bruntsacademy.org,1623623149.0,Mr,Chris,Fisher,Headteacher,Does not apply,Mixed,Secondary,01/01/2012,Mansfield,137763,,False,False,
Sycamore Academy,Academy converter,Open,Abbotsford Drive,St Ann's,Nottingham,Nottinghamshire,NG3 4QP,www.sycamoreacademy.co.uk/,1159155804.0,Mrs,Emma,Thorne,Head Teacher,Does not apply,Mixed,Primary,01/01/2012,Nottingham East,137786,,True,False,
Bluecoat Aspley Academy,Academy converter,Open,Aspley Lane,Aspley,Nottingham,Nottinghamshire,NG8 5GY,www.bluecoataspley.co.uk,1159297445.0,Mrs,Sarah,Anderson,Principal,Church of England,Mixed,Secondary,01/01/2012,Nottingham North and Kimberley,137798,office@bluecoataspley.co.uk,True,False,
The Priory Catholic Voluntary Academy,Academy converter,Open,Raglan Street,Hill Top,Nottingham,Nottinghamshire,NG16 3GT,https://www.theprioryeastwood.srscmat.co.uk/,1773713731.0,Mr,Anthony,Harrison,Headteacher,Catholic,Mixed,Primary,01/03/2012,Broxtowe,137909,office@pri.srscmat.co.uk,True,False,office@pri.srscmat.co.uk
Nethergate Academy,Academy special converter,Open,Swansdowne Drive,Clifton,Nottingham,Nottinghamshire,NG11 8HX,,1159152959.0,Mrs,T,Ydlibi,Headteacher,Does not apply,Mixed,Not applicable,01/03/2012,Nottingham South,137915,,,,
Ashfield Comprehensive School,Academy converter,Open,Sutton Road,Kirkby-in-Ashfield,Nottingham,Nottinghamshire,NG17 8HP,https://www.ashfield.ttct.co.uk/,1623455000.0,Mr,John,Maher,Headteacher,Does not apply,Mixed,Secondary,01/04/2012,Ashfield,137981,admin@ashfield.ttct.co.uk,False,False,EMAIL:admin@ashfield.ttct.co.uk
Chetwynd Spencer Academy,Academy converter,Open,Chetwynd Road,Toton,Nottingham,Nottinghamshire,NG9 6FW,http://www.chetwyndprimaryacademy.co.uk,1159177353.0,Miss,Lorraine,Jackson,Principal,Does not apply,Mixed,Primary,01/04/2012,Broxtowe,138070,LJackson@chetwyndspencer.org.uk,True,False,
The South Wolds Academy & Sixth Form,Academy converter,Open,Church Drive,Keyworth,Nottingham,Nottinghamshire,NG12 5FF,http://www.southwolds.co.uk/,1159373506.0,Mrs,Halina,Angus,Headteacher,,Mixed,Secondary,01/06/2012,Rushcliffe,138191,,False,False,
Stone Soup Academy,Free schools alternative provision,Open,14 High Pavement,,Nottingham,Nottinghamshire,NG1 1HN,www.stonesoupacademy.org.uk,1158221834.0,Principal,Kerrie,Henton,,,Mixed,Not applicable,03/09/2012,Nottingham East,138264,admin@stonesoupacademy.org.uk,False,True,admin@stonesoupacademy.org.uk | admin@stonesoupacademy.org.uk
Our Lady of Perpetual Succour Catholic Primary School,Academy converter,Open,Piccadilly,Bulwell,Nottingham,Nottinghamshire,NG6 9FN,https://www.ourladyopsbulwell.com,1159150500.0,Mrs,Fiona,Wadsley,Headteacher,Roman Catholic,Mixed,Primary,01/07/2012,Nottingham North and Kimberley,138338,admin@ourladyops.nottingham.sch.uk,True,False,admin@ourladyops.nottingham.sch.uk
St Mary's Catholic Primary School,Academy converter,Open,Beaconsfield Street,Hyson Green,Nottingham,Nottinghamshire,NG7 6FL,www.stmaryshysongreen.com/,1159151799.0,Mrs,Anne-Marie,Bell,Acting Headteacher,Roman Catholic,Mixed,Primary,01/07/2012,Nottingham East,138339,admin@smca.nottingham.sch.uk,True,False,admin@smca.nottingham.sch.uk
St Teresa's Catholic Primary School,Academy converter,Open,Kingsbury Drive,Aspley,Nottingham,Nottinghamshire,NG8 3EP,www.stteresasprimaryschool.co.uk/,1159155762.0,Mrs,A,Glynne-Jones,Headteacher,Roman Catholic,Mixed,Primary,01/07/2012,Nottingham North and Kimberley,138340,admin@st-teresas.nottingham.sch.uk,True,False,admin@st-teresas.nottingham.sch.uk
The Trinity Catholic School A Voluntary Academy,Academy converter,Open,Beechdale Road,Aspley,Nottingham,Nottinghamshire,NG8 3EZ,www.trinity.nottingham.sch.uk,1159296251.0,Mr,Matthew,Shenton,Headteacher,Roman Catholic,Mixed,Secondary,01/07/2012,Nottingham North and Kimberley,138341,office@trinity.nottingham.sch.uk,True,False,office@trinity.nottingham.sch.uk
Cotgrave Candleby Lane School,Academy converter,Open,Candleby Lane,Cotgrave,Nottingham,Nottinghamshire,NG12 3JG,http://www.candlebylane.co.uk,1159892284.0,Mrs,Claire,Lindsay,Head Teacher,Does not apply,Mixed,Primary,01/07/2012,Rushcliffe,138353,office@candlebylane.co.uk,True,False,Candleby Lane Cotgrave Nottinghamshire NG12 3JG0115 989 2284office@candlebylane. | Candleby Lane Cotgrave Nottinghamshire NG12 3JG0115 989 2284office@candlebylane.
Meden School,Academy sponsor led,Open,Burns Lane,Warsop,Mansfield,Nottinghamshire,NG20 0QN,http://www.medenschool.co.uk/,1623843517.0,Mr,Jim,Smith,,,Mixed,Secondary,01/09/2012,Mansfield,138411,,True,True,
Rushcliffe Spencer Academy,Academy converter,Open,Boundary Road,West Bridgford,Nottingham,Nottinghamshire,NG2 7BW,www.rushcliffespencer.com,1159744050.0,Mr,Graeme,Smith,Headteacher,Does not apply,Mixed,Secondary,01/08/2012,Rushcliffe,138482,,False,False,
"St Augustine's Catholic Primary and Nursery School, A Voluntary Academy",Academy sponsor led,Open,Park Avenue,Mapperley Road,Nottingham,Nottinghamshire,NG3 4JS,www.st-augustines.nottingham.sch.uk,1159156995.0,Mrs,Frances,Moore,,Roman Catholic,Mixed,Primary,01/09/2012,Nottingham East,138508,admin@st-augustines.nottingham.sch.uk,True,False,admin@st-augustines.nottingham.sch.uk
Mansfield Primary Academy,Academy sponsor led,Open,Newgate Lane,,Mansfield,Nottinghamshire,NG18 2LB,www.mansfieldprimaryacademy.org,1623624709.0,Mr,David,Jane,Head of School,,Mixed,Primary,01/09/2012,Mansfield,138570,roberta.hutley@greenwoodacademies.org,True,False,admin@mansfieldprimaryacademy.org
The Kimberley School,Academy converter,Open,Newdigate Street,Kimberley,Nottingham,Nottinghamshire,NG16 2NJ,http://kimberleyschool.co.uk/,1159387000.0,Mr,Andrew,Park,Head Teacher,,Mixed,Secondary,01/09/2012,Nottingham North and Kimberley,138641,office@kimberleyschool.co.uk,True,True,}@font-face {font-family: 'assistant-light'; font-style: normal; font-weight: 40 | @font-face {font-family: 'assistant-light'; font-style: normal; font-weight: 700
Foxwood Academy,Academy special converter,Open,Derby Road,Bramcote,Nottingham,Nottinghamshire,NG9 3GF,www.foxwood.notts.sch.uk,1159177202.0,Mr,James,Hutchinson,Headteacher,Does not apply,Mixed,Not applicable,01/09/2012,Broxtowe,138661,office@foxwood.notts.sch.uk,False,False,Derby RoadNottinghamNottinghamshireNG9 3GF  0115 9177202 office@foxwood.notts.sc
Whitemoor Academy (Primary and Nursery),Academy converter,Open,Bracknell Crescent,Whitemoor Estate,Nottingham,Nottinghamshire,NG8 5FF,www.whitemooracademy.co.uk/,1159786351.0,Headteacher,Rob,Lord,Headteacher,Does not apply,Mixed,Primary,01/09/2012,Nottingham North and Kimberley,138663,admin@whitemoor.nottingham.sch.uk,True,False,
Old Basford School,Academy converter,Open,Percy Street,Old Basford,Nottingham,Nottinghamshire,NG6 0GF,www.oldbasfordschool.co.uk,1159785505.0,Mrs,Laura,Duffin,Head Teacher,Does not apply,Mixed,Primary,01/09/2012,Nottingham North and Kimberley,138740,admin@oldbasford.nottingham.sch.uk,True,True,NG6 0GF.0115 9785505admin@oldbasford.nottingham.sch.uk
The Milford Academy,Academy converter,Open,Dungannon Road,Clifton Estate,Nottingham,Nottinghamshire,NG11 9BT,www.milfordacademy.org.uk,1159152951.0,Mr,Joseph,Turner,Headteacher,Does not apply,Mixed,Primary,01/09/2012,Nottingham South,138741,,True,True,
Christ The King Voluntary Academy,Academy converter,Open,Darlton Drive,Arnold,Nottingham,Nottinghamshire,NG5 7JZ,http://www.christtheking.notts.sch.uk/,1159556262.0,Mrs,Joanne,Love,Principal,Roman Catholic,Mixed,Secondary,01/10/2012,Gedling,138810,office@christtheking.notts.sch.uk,True,False,office@christtheking.notts.sch.uk
"The Good Shepherd Catholic Primary, Arnold",Academy converter,Open,Somersby Road,Woodthorpe,Nottingham,Nottinghamshire,NG5 4LT,www.goodshepherd.notts.sch.uk/,1159262983.0,Mrs,Celine,Toner,Headteacher,Roman Catholic,Mixed,Primary,01/10/2012,Gedling,138811,office@goodshepherd.notts.sch.uk,True,False,office@goodshepherd.notts.sch.uk
Holy Cross Primary Catholic Voluntary Academy,Academy converter,Open,Leen Mills Lane,Hucknall,Nottingham,Nottinghamshire,NG15 8BZ,http://www.holycrossschoolhucknall.com,1159534577.0,Mrs,Tammie,McNamara,Principal,Roman Catholic,Mixed,Primary,01/10/2012,Sherwood Forest,138812,office@holycross.notts.sch.uk,True,False,office@holycross.notts.sch.uk
The Sacred Heart Primary Catholic Voluntary Academy,Academy converter,Open,Southcliffe Road,Carlton,Nottingham,Nottinghamshire,NG4 1EQ,www.sacredheart.notts.sch.uk/,1159112117.0,Miss,Caroline,Hornsby,Headteacher,Roman Catholic,Mixed,Primary,01/10/2012,Gedling,138813,admin@sacredheart.notts.sch.uk,True,False,admin@sacredheart.notts.sch.uk
St Margaret Clitherow Catholic Primary School,Academy converter,Open,Mildenhall Crescent,Bestwood Park,Nottingham,Nottinghamshire,NG5 5RS,www.st-margaretclitherow.nottingham.sch.uk,1159150296.0,Mrs,Sarah,Sweeney-McGinty,Headteacher,Roman Catholic,Mixed,Primary,01/10/2012,Nottingham North and Kimberley,138814,admin@st-margaretclitherow.nottingham.sch.uk,True,False,admin@st-margaretclitherow.nottingham.sch.uk
The Priory Belvoir Academy,Academy converter,Open,Barkestone Lane,Bottesford,Nottingham,Nottinghamshire,NG13 0AX,http://www.belvoiracademy.co.uk/,1949844920.0,Mr,Levon,Newton,,,Mixed,Secondary,01/10/2012,Melton and Syston,138819,generalenquiries@belvoiracademy.co.uk,True,False,
Alderman White School,Academy converter,Open,Chilwell Lane,Bramcote,Nottingham,Nottinghamshire,NG9 3DU,http://aldermanwhite.school/,1159170424.0,Mrs,Annwen,Mellors,Executive Headteacher,Does not apply,Mixed,Secondary,01/10/2012,Broxtowe,138832,white@whptrust.org,True,False,
Bramcote College,Academy converter,Open,Moor Lane,Bramcote,Nottingham,Nottinghamshire,NG9 3GA,https://bramcote.college/,1159168900.0,Mrs,Heidi,Gale,Executive Headteacher,Does not apply,Mixed,Secondary,01/10/2012,Broxtowe,138837,bramcote@whptrust.org,True,False,
Bottesford Church of England Primary School,Academy converter,Open,Silverwood Road,Bottesford,Nottingham,Nottinghamshire,NG13 0BS,https://bottesfordprimary.co.uk/,1949842224.0,Mr,Mark,North,Headteacher,Church of England,Mixed,Primary,01/11/2012,Melton and Syston,138905,office@bot.learnat.uk,True,False,Emailoffice@bot.learnat.uk
Sneinton St Stephen's CofE Primary School,Academy converter,Open,Windmill Lane,Sneinton,Nottingham,Nottinghamshire,NG2 4QB,www.sneintoncofeprimaryschool.co.uk/,1159151370.0,Mr,Mark,Lowe,Head Teacher,Church of England,Mixed,Primary,01/01/2013,Nottingham East,139217,admin@sneinton.nottingham.sch.uk,True,True,
Windmill L.E.A.D. Academy,Academy sponsor led,Open,Sneinton Boulevard,,Nottingham,Nottinghamshire,NG2 4FZ,www.windmillacademy.co.uk/,1159150195.0,Mr,Ross,Middleton,Acting Headteacher,Does not apply,Mixed,Primary,01/02/2013,Nottingham East,139232,,False,False,
Firbeck Academy,Academy sponsor led,Open,Firbeck Road,Wollaton,Nottingham,Nottinghamshire,NG8 2FB,www.firbeck.org.uk/,1159155739.0,Mrs,Celia,Smith,Head of School,Does not apply,Mixed,Primary,01/07/2013,Nottingham South,139326,,True,False,
Berridge Primary and Nursery School,Community school,Open,Brushfield Site,Berridge Road West,Nottingham,Nottinghamshire,NG7 5LE,http://www.berridgeprimary.com/,1159155813.0,Mr,James,Tee,,Does not apply,Mixed,Primary,30/08/2013,Nottingham East,139429,,True,True,
Seely Primary School,Community school,Open,Perry Road,Sherwood,Nottingham,Nottinghamshire,NG5 3AE,www.seely.nottingham.sch.uk,1159153780.0,Mrs,Katharine,Clifford,,Does not apply,Mixed,Primary,30/08/2013,Nottingham East,139430,admin@seely.nottingham.sch.uk,True,False,admin@seely.nottingham.sch.uk
St Patrick's Catholic Primary and Nursery School,Academy converter,Open,Coronation Avenue,Wilford,Nottingham,Nottinghamshire,NG11 7AB,www.st-patricks.nottingham.sch.uk/,1159152961.0,Ms,Luisa,Ferrara,Headteacher,Roman Catholic,Mixed,Primary,01/04/2013,Nottingham South,139490,admin@st-patricks.nottingham.sch.uk,True,False,admin@st-patricks.nottingham.sch.uk
The Holgate Academy,Academy sponsor led,Open,Hillcrest Drive,Hucknall,Nottingham,Nottinghamshire,NG15 6PX,http://www.holgate-ac.org.uk/,1159632104.0,Mrs,Heather,Widdup,,Does not apply,Mixed,Secondary,01/09/2013,Sherwood Forest,139956,info@holgate-ac.org.uk,True,False,
Highbank Primary and Nursery School,Academy sponsor led,Open,Winscombe Mount,Clifton Estate,Nottingham,Nottinghamshire,NG11 9FP,www.highbankpriandnursery.co.uk,1159152965.0,Ms,Sophie,Wan,,Does not apply,Mixed,Primary,01/10/2013,Nottingham South,140017,pa.ceo@transformtrust.co.uk,True,True,
English Martyrs' Catholic Voluntary Academy,Academy converter,Open,Bracken Road,Long Eaton,Nottingham,Nottinghamshire,NG10 4DA,https://www.englishmartyrslongeaton.srscmat.co.uk/,1159733209.0,Mrs,Gemma,Ellis,Headteacher,Roman Catholic,Mixed,Primary,01/09/2013,Erewash,140070,enquiries@eng.srscmat.co.uk,True,False,
Fairfield Spencer Academy,Academy converter,Open,Toton Lane,Stapleford,Nottingham,Nottinghamshire,NG9 7HB,www.fairfieldspencer.org.uk,1159179266.0,Mrs,Shamara,Sadler,Headteacher,Does not apply,Mixed,Primary,01/09/2013,Broxtowe,140071,,False,False,
Blue Bell Hill Primary and Nursery School,Academy converter,Open,Gordon Road,St Ann's,Nottingham,Nottinghamshire,NG3 2LE,www.bluebellhill.org.uk,1159151161.0,Mrs,Rebecca,Martin,Headteacher,Does not apply,Mixed,Primary,01/10/2013,Nottingham East,140231,admin@bluebellhill.org.uk,True,False,"Gordon Road, Nottingham, NG3 2LE0115 915 1161admin@bluebellhill.org.ukContact Us | Gordon Road, Nottingham, NG3 2LE0115 915 1161admin@bluebellhill.org.ukContact Us"
The Glapton Academy,Academy converter,Open,Glapton Lane,Clifton,Nottingham,Nottinghamshire,NG11 8EA,www.glaptonacademy.co.uk,1159152936.0,Ms,Samantha,Leek,Headteacher,Does not apply,Mixed,Primary,01/10/2013,Nottingham South,140239,,True,False,
Hillside Primary and Nursery School,Academy converter,Open,Roberts Lane,Hucknall,Nottingham,Nottinghamshire,NG15 6LW,www.hillsideprimary.com,1158401477.0,Mrs,Rhian,Richardson,Headteacher,Does not apply,Mixed,Primary,01/11/2013,Sherwood Forest,140282,,False,False,
Hogarth Academy,Academy converter,Open,Porchester Road,,Nottingham,Nottinghamshire,NG3 6JG,www.hogarthacademy.co.uk/,1159150106.0,Miss,Marie,Cooper,Acting Headteacher,Does not apply,Mixed,Primary,01/11/2013,Nottingham East,140303,admin@hogarthacademy.co.uk,True,False,Call us on 0115 915 0106 or email: admin@hogarthacademy.co.uk to book a visit  | admin@hogarthacademy.co.uk
Arnbrook Primary School,Academy sponsor led,Open,Bestwood Lodge Drive,Arnold,Nottingham,Nottinghamshire,NG5 8NE,www.arnbrookprimary.net,1159190199.0,Mr,Rob,Maddams,,Does not apply,Mixed,Primary,01/04/2014,Gedling,140357,office@arnbrookprimary.net,True,False,Tel:   0115 9190199   Email:   office@arnbrookprimary.net
Bluecoat Beechdale Academy,Academy sponsor led,Open,Harvey Road,Bilborough,Nottingham,Nottinghamshire,NG8 3GP,www.bluecoatbeechdale.co.uk,1159135211.0,Mrs,Rachael,Frearson,Head of School,Does not apply,Mixed,Secondary,01/04/2014,Nottingham South,140369,office@bluecoatbeechdale.co.uk,True,False,E-mail: office@bluecoatbeechdale.co.uk
The Flying High Academy,Academy sponsor led,Open,Somersall Street,,Mansfield,Nottinghamshire,NG19 6EW,http://www.flyinghighacademy.co.uk,1623415790.0,Mrs,Kerry,Chadburn,Head,Does not apply,Mixed,Primary,01/01/2014,Mansfield,140398,office@ladybrookfha.org,False,False,Somersall Street  Mansfield  NG19 6EW01623 415790office@ladybrookfha.orgContact  | Somersall Street  Mansfield  NG19 6EW01623 415790office@ladybrookfha.orgContact 
Glenbrook Spencer Academy,Academy sponsor led,Open,Wigman Road,Bilborough,Nottingham,Nottinghamshire,NG8 4PD,www.glenbrooknottingham.org.uk/,1159155717.0,Mr,Thomas,Stockwell,,Does not apply,Mixed,Primary,01/04/2014,Nottingham South,140548,info@glenbrookspencer.org.uk,True,False,
Portland Spencer Academy,Academy sponsor led,Open,Westwick Road,Bilborough,Nottingham,Nottinghamshire,NG8 4HB,www.portlandspenceracademy.co.uk,1159155747.0,Mr,Joseph,Handy,Head of School,Does not apply,Mixed,Primary,01/02/2014,Nottingham South,140550,,False,False,
Djanogly Strelley Academy,Academy sponsor led,Open,Helston Drive,Strelley,Nottingham,Nottinghamshire,NG8 6JZ,www.djanoglystrelleyacademy.co.uk/,1158845913.0,Mrs,Sarah,O'Connell,,Does not apply,Mixed,Primary,01/02/2014,Nottingham South,140555,admin@strelley.djanogly.org,True,True,
Archbishop Cranmer Church of England Academy,Academy converter,Open,School Lane,Aslockton,Nottingham,Nottinghamshire,NG13 9AW,http://www.archbishopcranmer.co.uk,1949850627.0,Mrs,Melanie,Stevens,Head Teacher,Church of England,Mixed,Primary,01/02/2014,Newark,140574,,True,True,
East Bridgford St Peters Church of England Academy,Academy converter,Open,Kneeton Road,East Bridgford,Nottingham,Nottinghamshire,NG13 8PG,http://www.eastbridgfordstpeters.co.uk,194920226.0,Mr,Richard,Tomlinson,Headteacher,Church of England,Mixed,Primary,01/02/2014,Newark,140591,office@st-peters.notts.sch.uk,False,False,NG13 8PG01949 20226office@st-peters.notts.sch.uk
Sunnyside Spencer Academy,Academy sponsor led,Open,Great Hoggett Drive,,Nottingham,Nottinghamshire,NG9 4HQ,www.sunnysidespenceracademy.co.uk,1159174310.0,Headteacher,Sallyann,Mitchell,Head of School,Does not apply,Mixed,Primary,01/05/2014,Broxtowe,140613,sat-logo-hor-white@2x.png,True,False,
Peafield Lane Academy,Academy converter,Open,Litton Road,Mansfield Woodhouse,Mansfield,Nottinghamshire,NG19 9PB,www.peafieldlaneacademy.co.uk,1623460366.0,Mrs,Andrea,Commins,Head Teacher,Does not apply,Mixed,Primary,01/03/2014,Mansfield,140637,,False,False,
Birklands Primary School,Academy sponsor led,Open,Appleton Street,Warsop,Mansfield,Nottinghamshire,NG20 0QF,www.birklandsschool.co.uk/,1623842163.0,Mr,Michael,Cohen,,Does not apply,Mixed,Primary,01/04/2014,Mansfield,140659,,True,False,
All Saints' Catholic Voluntary Academy,Academy converter,Open,Broomhill Lane,,Mansfield,Nottinghamshire,NG19 6BW,http://www.allsaints.notts.sch.uk,1623474700.0,Mr,Carlo,Cuomo,Headteacher,Roman Catholic,Mixed,Secondary,01/04/2014,Mansfield,140698,admin@allsaints.notts.sch.uk,True,False,admin@allsaints.notts.sch.uk
Edale Rise Primary & Nursery School,Academy converter,Open,Edale Road,Sneinton Dale,Nottingham,Nottinghamshire,NG2 4HT,http://www.edale-rise-primary.co.uk/EdaleRise/,1159150180.0,Mr,Dean-Michael,Crosby,Headteacher,Does not apply,Mixed,Primary,01/04/2014,Nottingham East,140715,,False,False,
"St Patrick's Catholic Primary School, A Voluntary Academy",Academy converter,Open,Ling Forest Road,,Mansfield,Nottinghamshire,NG18 3NJ,www.st-patricksrc.notts.sch.uk/,1623478090.0,Mrs,Jane,Smedley,Headteacher,Roman Catholic,Mixed,Primary,01/04/2014,Mansfield,140783,office@st-patricksrc.notts.sch.uk,True,False,office@st-patricksrc.notts.sch.uk
The Beech Academy,Academy special sponsor led,Open,Fairholme Drive,,Mansfield,Nottinghamshire,NG19 6DX,http://www.beechacademy.org,1623626008.0,Mr,Neil,Davies,Headteacher,Does not apply,Mixed,Not applicable,01/06/2014,Mansfield,140854,Beech.Office@nexusmat.org,True,True,"Fairholme Drive,Mansfield,Nottinghamshire,NG19 6DX(01623) 626008Beech.Office@nex | NG19 6DX(01623) 626008Beech.Office@nexusmat.org"
Redmile Church of England Primary School,Academy converter,Open,Belvoir Road,Redmile,Nottingham,Nottinghamshire,NG13 0GL,www.redmile.leics.sch.uk,1949842429.0,Mr,NEIL,BARDSLEY,Executive Headteacher,Church of England,Mixed,Primary,01/12/2014,Melton and Syston,140910,office@redmile.risemat.co.uk,True,False,
Nottingham University Academy of Science and Technology,Free schools,Open,93 Abbey Street,Dunkirk,Nottingham,Nottinghamshire,NG7 2PL,www.nuast.org,1158592040.0,Mr,David,Thompson,,,Mixed,Secondary,01/09/2014,Nottingham South,140984,,True,False,
Hall Park Academy,Academy sponsor led,Open,Mansfield Road,Eastwood,Nottingham,Nottinghamshire,NG16 3EA,www.hallparkacademy.org.uk,1773786212.0,Mr,David,Crossley,,Does not apply,Mixed,Secondary,01/07/2014,Broxtowe,140992,logo_sixthform@2x.png,True,False,"01773 786 212office@hallparkacademy.org.ukHow to find usMansfield Road,"
Nottingham Free School,Free schools,Open,The Courtaulds Building,290 Haydn Road,Nottingham,Nottinghamshire,NG5 1EB,http://www.nottinghamfreeschool.co.uk/,1158964949.0,Dr,Jo,Simpson,Head of School,,Mixed,Secondary,01/09/2014,Nottingham East,141010,,True,False,
Jubilee L.E.A.D. Academy,Academy sponsor led,Open,Highwood Avenue,Bilborough,Nottingham,Nottinghamshire,NG8 3AF,http://www.jubilee.nottingham.sch.uk/,1159155719.0,Mr,Ross,Brooks,Head Teacher,Does not apply,Mixed,Primary,01/12/2014,Nottingham South,141334,,True,False,
The Oakwood Academy,Academy sponsor led,Open,Bewcastle Road,Warren Hill,Nottingham,Nottinghamshire,NG5 9PJ,http://www.oakwoodacademy.org.uk,1159539323.0,Mr,Andrew,Gilbert,Head Teacher,Does not apply,Mixed,Secondary,01/04/2015,Gedling,141363,,False,False,
Rosslyn Park Primary and Nursery School,Academy sponsor led,Open,Amesbury Circus,Aspley,Nottingham,Nottinghamshire,NG8 6DD,www.rosslyn.nottingham.sch.uk/,1159153266.0,Mr,Scott,Mason,,Does not apply,Mixed,Primary,01/01/2015,Nottingham North and Kimberley,141396,admin@rosslyn.nottingham.sch.uk,True,True,admin@rosslyn.nottingham.sch.uk
Brocklewood Primary and Nursery School,Academy sponsor led,Open,Fircroft Avenue,Bilborough,Nottingham,Nottinghamshire,NG8 3AL,www.brocklewoodprimaryschool.co.uk,1159153272.0,Mrs,Heather,Tarrant,,Does not apply,Mixed,Primary,01/01/2015,Nottingham South,141397,,True,True,
The Bramble Academy,Academy sponsor led,Open,Oxclose Lane,Mansfield Woodhouse,Mansfield,Nottinghamshire,NG19 8DF,www.brambleacademy.org,1623635928.0,Miss,Panayiota,Theodosiou,Headteacher,Does not apply,Mixed,Primary,01/01/2015,Mansfield,141398,office@brambleacademy.org,True,False,office@brambleacademy.org
St Philip Neri With St Bede Catholic Voluntary Academy,Academy converter,Open,Rosemary Street,,Mansfield,Nottinghamshire,NG19 6AA,www.st-philipneri.notts.sch.uk/,1623489010.0,Mr,Daniel,Steele,Headteacher,Roman Catholic,Mixed,Primary,01/10/2014,Mansfield,141460,office24@st-philipneri.notts.sch.uk,True,False,office24@st-philipneri.notts.sch.uk
"St Joseph's Catholic Primary School, A Voluntary Academy",Academy converter,Open,Langwith Road,Langwith Junction,MANSFIELD,Nottinghamshire,NG20 9RP,www.stjosephscatholicprimaryvoluntaryacademy.co.uk/,1623742609.0,Mrs,Dani,Seaman,Headteacher,Roman Catholic,Mixed,Primary,01/10/2014,Bolsover,141478,info@st-josephs-pri.derbyshire.sch.uk,True,False,
Dovedale Primary School,Academy converter,Open,Dovedale Avenue,Long Eaton,Nottingham,Nottinghamshire,NG10 3HU,www.dovedaleprimaryschool.co.uk/,1159735984.0,Mrs,Sarah,Houseman,Headteacher,Does not apply,Mixed,Primary,01/11/2014,Erewash,141540,,True,True,
Sawley Junior School,Academy converter,Open,Wilmot Street,Sawley,Nottingham,Nottinghamshire,NG10 3DQ,www.sawleyjunior.co.uk/,1159733626.0,Mrs,A,Burton,Headteacher,Does not apply,Mixed,Primary,01/11/2014,Erewash,141543,info@sawley-jun.derbyshire.sch.uk,True,True,
Radford Primary School Academy,Academy converter,Open,Denman Street West,Radford,Nottingham,Nottinghamshire,NG7 3FL,www.radfordacademy.co.uk,1159155810.0,Mrs,Meeta,Dave,Headteacher,Does not apply,Mixed,Primary,01/12/2014,Nottingham South,141586,admin@radfordacademy.co.uk,True,False,admin@radfordacademy.co.uk
Ernehale Junior School,Academy converter,Open,Derwent Crescent,Gedling Road,Nottingham,Nottinghamshire,NG5 6TA,https://www.ernehalefha.co.uk,1159568008.0,Headteacher,Carmel,Atkinson,Headteacher,Does not apply,Mixed,Primary,01/04/2015,Gedling,141774,office@ernehalefha.co.uk,True,False,"Derwent Crescent, Arnold, Nottingham, NG5 6TA0115 9568008office@ernehalefha.co.u | Derwent Crescent, Arnold, Nottingham, NG5 6TA0115 9568008office@ernehalefha.co.u"
St Laurence CofE Primary School,Academy converter,Open,Collingwood Road,Long Eaton,Nottingham,Nottinghamshire,NG10 1DR,www.stlaurencecofeprimaryschool.com/,1159728469.0,Mrs,Karin,Shields,Headteacher,Church of England,Mixed,Primary,01/04/2015,Erewash,141824,,False,False,
Beeston Fields Primary School and Nursery,Academy sponsor led,Open,Boundary Road,Beeston,Nottingham,Nottinghamshire,NG9 2RG,http://www.beestonfields.notts.sch.uk,1158440100.0,,Angela,Huthart,,Does not apply,Mixed,Primary,01/09/2015,Broxtowe,142070,officeteam@beestonfields.notts.sch.uk,True,False,Boundary Road Beeston Nottingham NG9 2RG0115 8440100officeteam@beestonfields.not | Boundary Road Beeston Nottingham NG9 2RG0115 8440100officeteam@beestonfields.not
Edwalton Primary School,Academy converter,Open,Wellin Lane,Edwalton,Nottingham,Nottinghamshire,NG12 4AS,www.edwaltonprimaryschool.co.uk,1159144221.0,Mr,Daniel,Graney,Headteacher,Does not apply,Mixed,Primary,01/10/2015,Rushcliffe,142348,office@edwalton.notts.sch.uk,True,False,"Wellin Lane, Edwalton, Nottingham NG12 4AS0115 914 4221office@edwalton.notts.sch | Wellin Lane, Edwalton, Nottingham NG12 4AS0115 914 4221office@edwalton.notts.sch"
Haddon Primary and Nursery School,Academy sponsor led,Open,Haddon Close,Westdale Lane,Nottingham,Nottinghamshire,NG4 4GT,https://www.haddonprimary.co.uk/,1159523959.0,Miss,Nina,Capek,,Does not apply,Mixed,Primary,01/01/2017,Gedling,142460,office@haddon.notts.sch.uk,True,True,office@haddon.notts.sch.uk | office@haddon.notts.sch.uk
Greythorn Primary School,Academy converter,Open,Greythorn Drive,West Bridgford,Nottingham,Nottinghamshire,NG2 7GH,www.greythornschool.co.uk/,1159149779.0,Mrs,Tae,Carpenter,Headteacher,Does not apply,Mixed,Primary,01/01/2016,Rushcliffe,142548,office@greythorn.notts.sch.uk,True,False,"West Bridgford, Nottingham NG2 7GH0115 914 9779office@greythorn.notts.sch.ukCont | West Bridgford, Nottingham NG2 7GH0115 914 9779office@greythorn.notts.sch.ukCont"
Selston High School,Academy converter,Open,Chapel Road,Selston,Nottingham,Nottinghamshire,NG16 6BW,http://www.selston.ttct.co.uk,1773810321.0,Mr,David,Broomhead,Headteacher,Does not apply,Mixed,Secondary,01/04/2016,Ashfield,142725,Mathematics-@-Selston-high-School.aspx,False,False,
Bulwell St Mary's Primary and Nursery School,Academy converter,Open,Ragdale Road,Bulwell,Nottingham,Nottinghamshire,NG6 8GQ,www.bulwellstmarys.co.uk,1159151506.0,Mrs,Julia,Burge,Headteacher,Church of England,Mixed,Primary,01/08/2016,Nottingham North and Kimberley,143015,,True,True,
Burford Primary and Nursery School,Academy converter,Open,Oxclose Lane,Arnold,Nottingham,Nottinghamshire,NG5 6FX,www.burfordprimaryandnursery.co.uk,1159151560.0,Mrs,Lisa,Lister,Headteacher,Does not apply,Mixed,Primary,01/08/2016,Gedling,143060,admin@burford.nottingham.sch.uk,True,True,admin@burford.nottingham.sch.uk
Robert Miles Junior School,Academy converter,Open,Market Place,Bingham,Nottingham,Nottinghamshire,NG13 8AP,http://www.robertmiles.co.uk,1949875011.0,Mr,James,Evelyn,Headteacher,Does not apply,Mixed,Primary,01/09/2016,Newark,143293,office@robertmiles.notts.sch.uk,True,False,
Greenwood Primary and Nursery School,Academy converter,Open,Sutton Middle Lane,Kirkby-in-Ashfield,Nottingham,Nottinghamshire,NG17 8FX,www.greenwoodprimary.org.uk,1623460664.0,Miss,Kim,Tucker,Headteacher,Does not apply,Mixed,Primary,01/09/2016,Ashfield,143295,office@greenwoodprimary.org.uk,True,True,office@greenwoodprimary.org.uk | office@greenwoodprimary.org.uk
Heymann Primary and Nursery School,Academy converter,Open,Waddington Drive,Wilford Hill,Nottingham,Nottinghamshire,NG2 7GX,www.heymann.notts.sch.uk/,1159145035.0,Ms,Lynda,Noble,Headteacher,Does not apply,Mixed,Primary,01/09/2016,Rushcliffe,143296,office@heymann.notts.sch.uk,True,False,
Burntstump Seely CofE Primary Academy,Academy converter,Open,Burntstump Hill,Arnold,Nottingham,Nottinghamshire,NG5 8PQ,www.burntstumpchurch.notts.sch.uk/,1159632833.0,Mrs,Sarah,Annable,Headteacher,Church of England,Mixed,Primary,01/09/2016,Sherwood Forest,143297,example@gmail.com,True,True,office@burntstump.snmat.org.uk
Keyworth Primary and Nursery School,Academy converter,Open,Nottingham Road,Keyworth,Nottingham,Nottinghamshire,NG12 5FB,www.keyworth.notts.sch.uk/,1159748005.0,Mr,Peter,Cresswell,Headteacher,Does not apply,Mixed,Primary,01/11/2016,Rushcliffe,143298,schooloffice@keyworth.notts.sch.uk,True,False,
Burton Joyce Primary School,Academy converter,Open,Padleys Lane,Burton Joyce,Nottingham,Nottinghamshire,NG14 5EB,www.burtonjoyce.notts.sch.uk/,1159312373.0,Mrs,Jenny,Cook,Head of School,Does not apply,Mixed,Primary,01/09/2016,Gedling,143299,office@burtonjoyce.notts.sch.uk,True,False,
Crossdale Primary School,Academy converter,Open,Crossdale Drive,Keyworth,Nottingham,Nottinghamshire,NG12 5HP,www.crossdaleschool.com/,1159748088.0,Mr,P,Cresswell,Headteacher,Does not apply,Mixed,Primary,01/11/2016,Rushcliffe,143300,contact@crossdale.notts.sch.uk,True,False,
Kirkby Woodhouse School,Academy converter,Open,Main Road,Kirkby-in-Ashfield,Nottingham,Nottinghamshire,NG17 9EU,www.kirkbywoodhouse.notts.sch.uk,1623486158.0,Mrs,Rachel,Jones,Acting Headteacher,Does not apply,Mixed,Primary,01/05/2017,Ashfield,143301,,False,False,
Tollerton Primary School,Academy converter,Open,Burnside Grove,Tollerton,Nottingham,Nottinghamshire,NG12 4ET,www.tollerton.notts.sch.uk,1159372944.0,Mrs,Katie,Smith,Head Teacher,Does not apply,Mixed,Primary,01/09/2016,Rushcliffe,143302,office@tollerton.notts.sch.uk,True,False,
Cropwell Bishop Primary School,Academy converter,Open,Stockwell Lane,Cropwell Bishop,Nottingham,Nottinghamshire,NG12 3BX,https://www.cropwellbishop.notts.sch.uk/,1159892250.0,Mrs,Jenny,Cook,Head of School,Does not apply,Mixed,Primary,01/09/2016,Rushcliffe,143303,office@cropwellbishop.notts.sch.uk,True,False,
Killisick Junior School,Academy converter,Open,Killisick Road,Arnold,Nottingham,Nottinghamshire,NG5 8BY,www.killisick.notts.sch.uk,1159535585.0,Mr,Richard,Jones,Headteacher,Does not apply,Mixed,Primary,01/11/2016,Gedling,143470,office@killisick.notts.sch.uk,True,False,"Killisick Road, Arnold, Nottingham, NG5 8BY0115 953 5585office@killisick.notts.s | Killisick Road, Arnold, Nottingham, NG5 8BY0115 953 5585office@killisick.notts.s"
Horsendale Primary School,Academy converter,Open,Assarts Road,Nuthall,Nottingham,Nottinghamshire,NG16 1AP,www.horsendale.co.uk/,1159132331.0,Mrs,Amanda,Smalley,Headteacher,Does not apply,Mixed,Primary,01/11/2016,Nottingham North and Kimberley,143471,office@horsendale.notts.sch.uk,True,True,office@horsendale.notts.sch.uk
Scotholme Primary and Nursery School,Academy converter,Open,Fisher Street,Hyson Green,Nottingham,Nottinghamshire,NG7 6FJ,www.scotholme.com,1159781968.0,Mrs,Kate,Hall,Headteacher,Does not apply,Mixed,Primary,01/02/2017,Nottingham East,143796,,False,False,
Porchester Junior School,Academy converter,Open,Standhill Road,Carlton,Nottingham,Nottinghamshire,NG4 1LF,www.porchester.notts.sch.uk/,1159520920.0,Mrs,Vicki,Welsby,Headteacher,Does not apply,Mixed,Primary,01/07/2017,Gedling,143887,office@porchester.net,True,False,Standhill Road Carlton Nottingham NG4 1LF0115 9520920 office@porchester.netConta | Standhill Road Carlton Nottingham NG4 1LF0115 9520920 office@porchester.netConta
Denewood Academy,Academy alternative provision sponsor led,Open,Denewood Academy,113 Forest Road West,Nottingham,Nottinghamshire,NG7 4ES,https://denewood.raleightrust.org/,1159151271.0,Ms,Elizabeth,Browne,,Does not apply,Mixed,Not applicable,01/04/2017,Nottingham East,144022,enquiry@denewood.raleightrust.org,True,False,
Unity Academy,Academy alternative provision sponsor led,Open,113 Forest Road West,Radford,Nottingham,Nottinghamshire,NG7 4ES,www.unity.raleightrust.org,1159151271.0,Ms,Elizabeth,Browne,,Does not apply,Mixed,Not applicable,01/04/2017,Nottingham East,144023,,False,False,
Redgate Primary Academy,Academy special sponsor led,Open,Somersall Street,,Mansfield,Nottinghamshire,NG19 6EL,https://www.redgateprimary-ac.org.uk,1623455944.0,Mrs,Lucy,Spacey,,Does not apply,Mixed,Not applicable,01/10/2017,Mansfield,144024,office@redgateprimary-ac.org.uk,True,False,office@redgateprimary-ac.org.uk
Colonel Frank Seely Academy,Academy sponsor led,Open,Flatts Lane,Calverton,Nottingham,Nottinghamshire,NG14 6JZ,www.cfsacademy.org.uk,1159652495.0,Mr,J,Gale,Headteacher,Does not apply,Mixed,Secondary,01/10/2017,Sherwood Forest,144182,office@cfsacademy.org.uk,True,True,"0115 9652495office@cfsacademy.org.ukHow to find usFlatts Lane, Calverton, Nottin"
Robert Miles Infant School,Academy converter,Open,School Lane,Bingham,Nottingham,Nottinghamshire,NG13 8FE,http://www.rmischool.co.uk,1949837422.0,Mrs,Kelly,Ryan,Headteacher,Does not apply,Mixed,Primary,01/10/2017,Newark,144183,office@rmischool.co.uk,True,False,office@rmischool.co.uk    01949 837 422
Sir John Sherbrooke Junior School,Academy converter,Open,Flatts Lane,Calverton,Nottingham,Nottinghamshire,NG14 6JZ,www.sirjohnsherbrooke.co.uk,1159652291.0,Mrs,Rebecca,Mee,Headteacher,Does not apply,Mixed,Primary,01/04/2017,Sherwood Forest,144184,reception19@sirjohnsherbrooke.notts.sch.uk,True,True,
Westbury Academy,Academy special converter,Open,Chingford Road,Bilborough,Nottingham,Nottinghamshire,NG8 3BT,www.westburyschool.co.uk,1159155858.0,Mr,Lee,Morgan,Headteacher,Does not apply,Mixed,Not applicable,01/04/2017,Nottingham South,144320,,False,False,
Woodlands Academy,Academy special converter,Open,Beechdale Road,Aspley,Nottingham,Nottinghamshire,NG8 3EZ,www.woodlands.raleightrust.org,1159155734.0,Mr,Andrew,Morgan,Headteacher,Does not apply,Mixed,Not applicable,01/04/2017,Nottingham North and Kimberley,144321,,False,False,
Springfield Academy,Academy sponsor led,Open,Lawton Drive,Bulwell Hall Estate,Nottingham,Nottinghamshire,NG6 8BL,www.springfieldacademy.co.uk,1159155769.0,Mrs,Vonika,Shelley,,Does not apply,Mixed,Primary,01/06/2017,Nottingham North and Kimberley,144396,admin@springfield.djanogly.org,True,False,admin@springfield.djanogly.org
"St Peter's CofE Primary Academy, Mansfield",Academy sponsor led,Open,Bellamy Road,,Mansfield,Nottinghamshire,NG18 4LN,www.stpetersprimarymansfield.co.uk,1623489980.0,Mr,James,Marshall,,Church of England,Mixed,Primary,01/11/2017,Mansfield,144397,,False,False,
Westdale Junior School,Academy converter,Open,Westdale Lane,Mapperley,Nottingham,Nottinghamshire,NG3 6ET,www.westdalejuniors.co.uk,1159534707.0,Miss,Ruth,Kyle,Headteacher,Does not apply,Mixed,Primary,01/10/2017,Gedling,144431,,False,False,
Robert Shaw Primary and Nursery School,Academy converter,Open,Southfield Road,Western Boulevard,Nottingham,Nottinghamshire,NG8 3PL,www.robertshaw.nottingham.sch.uk/,1159155765.0,Mrs,Karen,Coker,Headteacher,Does not apply,Mixed,Primary,01/06/2017,Nottingham North and Kimberley,144461,admin@robertshaw.nottingham.sch.uk,True,False,Email us at: admin@robertshaw.nottingham.sch.uk
William Booth Primary and Nursery School,Academy converter,Open,Notintone Street,Sneinton,Nottingham,Nottinghamshire,NG2 4QF,https://www.williambooth.nottingham.sch.uk/,1159155821.0,Mrs,Claire,Paparozzi,Headteacher,Does not apply,Mixed,Primary,01/06/2017,Nottingham East,144462,,True,True,
Wainwright Primary Academy,Academy sponsor led,Open,Harrop White Road,,Mansfield,Nottinghamshire,NG19 6TF,www.wainwrightprimary-ac.org.uk,1623662110.0,Mr,Gareth,Letton,Principal,,Mixed,Primary,01/09/2016,Mansfield,144485,info@wainwrightprimary-ac.org.uk,True,False,
Queen Elizabeth's Academy,Academy sponsor led,Open,Chesterfield Road South,,Mansfield,Nottinghamshire,NG19 7AP,https://www.queenelizabeths-ac.org.uk/,1623623559.0,Miss,Donna,Percival,,,Mixed,Secondary,01/09/2016,Mansfield,144486,info@queenelizabeths-ac.org.uk,True,False,
Park Vale Academy,Academy sponsor led,Open,Top Valley Drive,Top Valley,Nottingham,Nottinghamshire,NG5 9AZ,www.parkvaleacademy.org.uk,1158221244.0,Headteacher,Steve,Bowhay,,,Mixed,Secondary,01/09/2016,Nottingham North and Kimberley,144487,,False,False,
Gunthorpe CofE Primary School,Academy converter,Open,Davids Lane,Gunthorpe,Nottingham,Nottinghamshire,NG14 7EW,http://www.gunthorpeschool.co.uk,1159663481.0,Mrs,Melanie,Brown,Headteacher,Church of England,Mixed,Primary,01/08/2017,Sherwood Forest,144534,office@gunthorpe.notts.sch.uk,True,True,
South Wilford Endowed CofE Primary School,Academy converter,Open,Main Road,Wilford,Nottingham,Nottinghamshire,NG11 7AL,www.southwilford.nottingham.sch.uk/,1159152967.0,Ms,Natalie,Aldridge,Executive Headteacher,Church of England,Mixed,Primary,01/01/2018,Nottingham South,144548,,True,True,
Samuel Barlow Primary Academy,Academy sponsor led,Open,Church Road,Clipstone,Mansfield,Nottinghamshire,NG21 9DF,https://www.samuelbarlowprimary-ac.org.uk,1623479033.0,Mr,Gareth,Letton,,Does not apply,Mixed,Primary,01/09/2017,Sherwood Forest,144611,office@samuelbarlowprimary-ac.org.uk,True,False,office@samuelbarlowprimary-ac.org.uk
Cloudside Academy,Academy sponsor led,Open,Stanton Road,Sandiacre,Nottingham,Nottinghamshire,NG10 5DE,www.cloudsideacademy.co.uk,1159392263.0,Miss,Jodie,Milson,,Does not apply,Mixed,Primary,01/09/2017,Erewash,144612,,True,False,
Yeoman Park Academy,Academy special converter,Open,Park Hall Road,Mansfield Woodhouse,Mansfield,Nottinghamshire,NG19 8PS,www.yeomanpark-ac.org.uk,1623459540.0,Mrs,Lucy,Spacey,Executive Headteacher,Does not apply,Mixed,Not applicable,01/10/2017,Mansfield,144643,office@yeomanpark-ac.org.uk,True,False,office@yeomanpark-ac.org.uk
"St. Mary's Church of England Primary School, Edwinstowe",Academy converter,Open,Paddock Close,,Mansfield,Nottinghamshire,NG21 9LP,www.st-maryscofe.notts.sch.uk,1623822518.0,Mrs,Jennifer,Bailey,Headteacher,Church of England,Mixed,Primary,01/12/2019,Sherwood Forest,144644,office@stmarysedwinstowe.snmat.org.uk,True,False,
Stanstead Flying High Academy,Academy converter,Open,Stanstead Avenue,Rise Park,Nottingham,Nottinghamshire,NG5 5BL,www.stansteadprimary.co.uk,1159156300.0,Mrs,Tanya,Smith,Headteacher,Does not apply,Mixed,Primary,01/09/2017,Nottingham North and Kimberley,144686,,False,False,
The Garibaldi School,Academy converter,Open,Forest Town,,Mansfield,Nottinghamshire,NG19 0JX,http://www.garibaldi.org.uk/,1623464220.0,Mr,Paddy,Cassidy,Headteacher,Does not apply,Mixed,Secondary,01/10/2017,Mansfield,144687,,False,False,
The Lanes Primary School,Community school,Open,Cator Lane,Chilwell,Nottingham,Nottinghamshire,NG9 4BB,www.thelanes.notts.sch.uk,1159138558.0,Mr,Pete,Wilkes,,Does not apply,Mixed,Primary,01/09/2017,Broxtowe,144731,office@thelanes.notts.sch.uk,True,True,office@thelanes.notts.sch.uk | office@thelanes.notts.sch.uk
Whitegate Primary and Nursery School,Academy converter,Open,Middle Fell Way,Clifton Estate,Nottingham,Nottinghamshire,NG11 9JQ,http://www.whitegateprimary.co.uk/,1159152944.0,Mr,Andrew,Forshaw,Headteacher,Does not apply,Mixed,Primary,01/07/2017,Nottingham South,144842,pa.ceo@transformtrust.co.uk,True,True,
The West Park Academy,Academy sponsor led,Open,Vernon Road,Kirkby-in-Ashfield,Nottingham,Nottinghamshire,NG17 8EE,www.westparkacademy.co.uk,1623460274.0,Mr,Mark,Nunn,,Does not apply,Mixed,Primary,01/12/2017,Ashfield,144885,office@westparkacademy.co.uk,True,False,Telephone: 01623 460 274Email: office@westparkacademy.co.ukMiss Sarah Baldwin &#
The Carlton Junior Academy,Academy converter,Open,Garden Avenue,Foxhill Road,Nottingham,Nottinghamshire,NG4 1QT,www.thecarltonjunioracademy.org.uk,1159110402.0,Mrs,Sharon,Wood,Headteacher,Does not apply,Mixed,Primary,01/11/2017,Gedling,144932,office@carltonjunior.org.uk,True,False,office@carltonjunior.org.uk
Netherfield Primary School,Academy sponsor led,Open,Chandos Street,Netherfield,Nottingham,Nottinghamshire,NG4 2LR,www.netherfieldprimaryschool.com,1159610580.0,Mr,Jon,Crone,,Does not apply,Mixed,Primary,01/03/2018,Gedling,144978,office5@netherfieldprimaryschool.com,True,False,
Robert Mellors Primary Academy,Academy sponsor led,Open,Bonington Drive,Arnold,Nottingham,Nottinghamshire,NG5 7EX,www.robertmellors.notts.sch.uk,1158408068.0,Mrs,Emma,Essex,,Does not apply,Mixed,Primary,01/05/2018,Gedling,144979,office@robertmellors.org.uk,True,False,office@robertmellors.org.uk
Victoria Primary School,Academy converter,Open,Ainsworth Drive,,Nottingham,Nottinghamshire,NG2 1FX,www.victoriaprimaryschool.org.uk,1158077750.0,Miss,Anna,Froggatt,Head of School,,Mixed,Primary,01/09/2016,Nottingham South,145018,,True,False,
Alderman Pounder Infant and Nursery School,Academy converter,Open,Eskdale Drive,Beeston,Nottingham,Nottinghamshire,NG9 5FN,http://www.aldermanpounder.notts.sch.uk,1159252928.0,Mr,Adam,Butterworth-Drury,Headteacher,Does not apply,Mixed,Primary,01/09/2018,Broxtowe,145092,,False,False,
The Carlton Infant Academy,Academy converter,Open,Garden Avenue,Foxhill Road,Nottingham,Nottinghamshire,NG4 1QS,www.thecarltoninfantacademy.org.uk,1159100887.0,Miss,Anna,Scrivens,Headteacher,Does not apply,Mixed,Primary,01/11/2017,Gedling,145093,office@thecarltoninfantacademy.org.uk,False,False,office@thecarltoninfantacademy.org.uk
Bluecoat Primary Academy,Academy converter,Open,Harvey Road,Bilborough,Nottingham,Nottinghamshire,NG8 3BB,http://bluecoatprimaryacademy.co.uk/,1159007200.0,Mrs,Sue-Ellen,Shaw,,Church of England,Mixed,Primary,01/10/2017,Nottingham South,145145,kbrown1@bluecoat.uk.com,True,False,
Bluecoat Wollaton Academy,Academy converter,Open,Sutton Passeys Crescent,Wollaton Park,Nottingham,Nottinghamshire,NG8 1EA,http://www.bluecoatwollaton.co.uk/,1159007210.0,Mr,Phillip,Rowson,,Church of England,Mixed,Secondary,01/10/2017,Nottingham South,145146,office@bluecoatwollaton.co.uk,True,False,E-mail: office@bluecoatwollaton.co.uk
Willow Farm Primary School,Academy converter,Open,Willow Lane,Gedling,Nottingham,Nottinghamshire,NG4 4BN,www.willowfarm.notts.sch.uk,1159878501.0,Mrs,Lindsey,Jamson,Headteacher,Does not apply,Mixed,Primary,01/01/2018,Gedling,145371,office@willowfarm.notts.sch.uk,True,False,
Langley Mill Academy,Academy sponsor led,Open,Bailey Brook Crescent,Langley Mill,Nottingham,Nottinghamshire,NG16 4FZ,www.langleymillacademy.co.uk,1773712694.0,Mr,Allan,Bland,,Does not apply,Mixed,Primary,01/02/2018,Amber Valley,145491,admin@lma.djanogly.org,True,False,admin@lma.djanogly.org
Ambleside Primary School,Academy sponsor led,Open,Minver Crescent,Aspley,Nottingham,Nottinghamshire,NG8 5PN,www.ambleside.raleightrust.org,1159003610.0,Ms,Jane,Bromley,,,Mixed,Primary,01/02/2018,Nottingham North and Kimberley,145506,,False,False,
Mornington Primary School,Academy converter,Open,Mornington Crescent,Nuthall,Nottingham,Nottinghamshire,NG16 1RF,www.mornington.notts.sch.uk/,1159757745.0,Mrs,Rebecca,Joyce,Headteacher,Does not apply,Mixed,Primary,01/03/2018,Nottingham North and Kimberley,145536,,True,False,
Gilthill Primary School,Academy converter,Open,Gilt Hill,Kimberley,Nottingham,Nottinghamshire,NG16 2GZ,www.gilthillprimaryschool.co.uk,1159190611.0,Mrs,Nicholla,Allison,Headteacher,Does not apply,Mixed,Primary,01/04/2018,Broxtowe,145641,head@gilthillprimary.org,True,False,NG16 2GZ0115 9190611office@gilthillprimary.org
Kimberley Primary School,Academy converter,Open,Swingate,Kimberley,Nottingham,Nottinghamshire,NG16 2PG,www.kimberleyprimary.org.uk/,1159385050.0,Mrs,Rebecca,Clarke,Headteacher,Does not apply,Mixed,Primary,01/04/2018,Nottingham North and Kimberley,145644,,False,False,
Bleasby Church of England Primary School,Academy converter,Open,Station Road,Bleasby,Nottingham,Nottinghamshire,NG14 7GD,http://www.bleasbyprimary.org.uk,1636830203.0,Mrs,Russyn,Cast,Headteacher,Church of England,Mixed,Primary,01/07/2019,Newark,145645,office@bleasbyprimary.org.uk,False,False,
Awsworth Primary and Nursery School,Academy converter,Open,The Lane,Awsworth,Nottingham,Nottinghamshire,NG16 2QS,www.awsworthprimary.co.uk,1159321926.0,Mr,Ben,Painter,Headteacher,Does not apply,Mixed,Primary,01/06/2018,Broxtowe,145786,office@awsworthprimary.org,True,False,Email: office@awsworthprimary.org
Larkfields Infant School,Academy converter,Open,Coronation Road,Nuthall,Nottingham,Nottinghamshire,NG16 1EP,www.larkfields-inf.notts.sch.uk,1159137730.0,,Nichola,Irwin,Headteacher,Does not apply,Mixed,Primary,01/11/2018,Nottingham North and Kimberley,145827,,False,False,
Hollywell Primary School,Academy converter,Open,Hardy Street,Kimberley,Nottingham,Nottinghamshire,NG16 2JL,www.hollywellprimary.org,1159195898.0,Mrs,Elizabeth,Ellis,Headteacher,Does not apply,Mixed,Primary,01/03/2019,Nottingham North and Kimberley,145828,,True,True,
Langwith Bassett Junior Academy,Academy converter,Open,Bassett Hill,Upper Langwith,Mansfield,Nottinghamshire,NG20 9RD,www.langwithbassettacademy.org,1623742236.0,Mrs,Sarah,Bacon,Headteacher,Does not apply,Mixed,Primary,01/06/2018,Bolsover,145967,info@langwithbassettacademy.org,True,False,
Parkdale Primary School,Academy converter,Open,Parkdale Road,Carlton,Nottingham,Nottinghamshire,NG4 1BX,www.parkdale-primary.co.uk,1159110066.0,Mr,Peter,Hillier,Headteacher,Does not apply,Mixed,Primary,01/07/2018,Gedling,146010,office@parkdale.notts.sch.uk,False,False,office@parkdale.notts.sch.uk | office@parkdale.notts.sch.uk
Stanton Vale School,Academy special converter,Open,Thoresby Road,Long Eaton,Nottingham,Nottinghamshire,NG10 3NP,www.stantonvale.co.uk,1159729769.0,Ms,Emma,Kehoe,Headteacher,Does not apply,Mixed,Not applicable,01/08/2018,Erewash,146054,safeguarding@stantonvale.co.uk,True,False,
Djanogly Sherwood Academy,Academy sponsor led,Open,Sherwood Rise,Sherwood,Nottingham,Nottinghamshire,NG7 7AR,www.sherwoodacademy.co.uk,1159421301.0,Mrs,Hayley,Keen,,,Mixed,Primary,01/09/2018,Nottingham East,146331,,True,True,
Wilsthorpe School,Academy converter,Open,Derby Road,Long Eaton,Nottingham,Nottinghamshire,NG10 4WT,http://www.wilsthorpe.ttct.co.uk,1159729421.0,Mr,Derek,Hobbs,Headteacher,Does not apply,Mixed,Secondary,01/12/2018,Erewash,146451,enquiries@wilsthorpe.ttct.co.uk,False,False,
Aldercar Infant School,Academy converter,Open,Godkin Drive,Langley Mill,Nottingham,Nottinghamshire,NG16 4GL,www.aldercarinfants.org.uk/,1773713428.0,Mrs,Michelle,Siddons,Acting Headteacher,Does not apply,Mixed,Primary,01/01/2019,Amber Valley,146484,info@aldercar-inf.derbyshire.sch.uk,True,False,
Oak Tree Primary School,Academy sponsor led,Open,Jubilee Way North,,Mansfield,Nottinghamshire,NG18 3PJ,www.oaktreeschool.co.uk,1623458261.0,Mrs,Jayne,Kimberley,,Does not apply,Mixed,Primary,01/12/2018,Mansfield,146537,,True,True,
Ellis Guilford School,Academy sponsor led,Open,Bar Lane,Basford,Nottingham,Nottinghamshire,NG6 0HT,www.ellisguilfordschool.org.uk,1159131338.0,Ms,Gemma,Johnson,,Does not apply,Mixed,Secondary,01/11/2018,Nottingham North and Kimberley,146539,enquiries@ellisguilfordschool.org.uk,True,False,
Ernehale Infant School,Academy converter,Open,Derwent Crescent,Gedling Road,Nottingham,Nottinghamshire,NG5 6TA,www.ernehalefha.co.uk,1159567622.0,Mrs,Carmel,Atkinson,Headteacher,Does not apply,Mixed,Primary,01/12/2018,Gedling,146598,office@ernehalefha.co.uk,True,False,"Derwent Crescent, Arnold, Nottingham, NG5 6TA0115 9568008office@ernehalefha.co.u | Derwent Crescent, Arnold, Nottingham, NG5 6TA0115 9568008office@ernehalefha.co.u"
Hucknall Flying High Academy,Free schools,Open,Shepherd Street,Hucknall,Nottingham,Nottinghamshire,NG15 6WU,www.hucknallfha.co.uk,1157012020.0,Mr,Karl,Clowery,,,Mixed,Primary,02/09/2019,Sherwood Forest,147075,office@hucknallfha.co.uk,True,False,"Shepherd Street, Hucknall, Nottingham, NG15 6WU0115 7012020office@hucknallfha.co | Shepherd Street, Hucknall, Nottingham, NG15 6WU0115 7012020office@hucknallfha.co"
Bilborough College,Academy 16-19 converter,Open,Bilborough Road,Bilborough,Nottingham,Nottinghamshire,NG8 4DQ,,1159299436.0,,David,Shaw,,Does not apply,Mixed,16 plus,01/11/2019,Nottingham South,147285,,,,
The Wells Academy,Academy sponsor led,Open,Ransom Drive,,Nottingham,Nottinghamshire,NG3 5LR,www.thewellsacademy.org,1157483390.0,Mr,George,Coles,,,Mixed,Secondary,01/09/2020,Nottingham East,147456,,False,False,
Richard Bonington Primary and Nursery School,Academy converter,Open,Calverton Road,Arnold,Nottingham,Nottinghamshire,NG5 8FQ,www.richardboningtonprimaryschool.co.uk/,1159560995.0,Mrs,Linda,Barbuti,Headteacher,Does not apply,Mixed,Primary,01/10/2019,Gedling,147506,admin@rbps.org.uk,True,False,
Model Village Primary School,Academy converter,Open,Central Drive,Shirebrook,Mansfield,Nottinghamshire,NG20 8BQ,www.modelvillage.teameducation.org,1623742254.0,Ms,Jemma,Slater,Headteacher,Does not apply,Mixed,Primary,01/06/2020,Bolsover,147625,info@modelvillage.teameducation.org,True,False,
Whaley Thorns Primary School,Academy converter,Open,Portland Road,Langwith,Mansfield,Nottinghamshire,NG20 9HB,https://www.whaleythorns.teameducation.org/,1623742604.0,Mrs,Charlotte Lucy,Butcher,Headteacher,Does not apply,Mixed,Primary,01/06/2020,Bolsover,147626,,False,False,
Hucknall National Church of England Primary School,Academy converter,Open,Montague Road,Hucknall,Nottingham,Nottinghamshire,NG15 7DU,www.nationalprimary.co.uk,1159632678.0,Miss,Sarah,Barratt,Head Teacher,Church of England,Mixed,Primary,01/09/2020,Sherwood Forest,147827,office@hnp.snmat.org.uk,True,False,NG15 7DU0115 963 2678office@hnp.snmat.org.uk
Rosecliffe Spencer Academy,Free schools,Open,73 Rose Way,Edwalton,Nottingham,Nottinghamshire,NG12 4JE,www.rosecliffespencer.org.uk,1159346533.0,Mrs,Kirstie,Mann,,,Mixed,Primary,01/09/2020,Rushcliffe,147910,safeguarding@rosecliffespencer.org.uk,True,False,
The Florence Nightingale Academy,Academy converter,Open,Chewton Street,Eastwood,Nottingham,Nottinghamshire,NG16 3HB,https://theflorence.academy/,1773713452.0,Mrs,Lucy,Baxter,Headteacher,Does not apply,Mixed,Primary,01/09/2020,Broxtowe,147925,office@theflorence.academy,True,False,Chewton StreetEastwoodNottinghamshireNG16 3HB 01773 713452 office@theflorence.ac
Abbey Road Primary School,Academy converter,Open,Tewkesbury Close,West Bridgford,Nottingham,Nottinghamshire,NG2 5ND,www.abbeyroadprimary.co.uk/,1159748055.0,Mrs,Ly,Toom,Head Teacher,Does not apply,Mixed,Primary,01/11/2020,Rushcliffe,148168,office@abbeyroadprimary.co.uk,True,False,
John Clifford Primary School,Academy converter,Open,Nether Street,Beeston,Nottingham,Nottinghamshire,NG9 2AT,http://johnclifford.school,1159258057.0,,Janine,Waring,Headteacher,Does not apply,Mixed,Primary,01/05/2021,Broxtowe,148313,office@johnclifford.school,True,False,"0115 925 8057 office@johnclifford.school Mon - Fri, 8am-4pm | Contact Us Tel: 0115 925 8057Email: office@johnclifford.schoolFind us: Nether St"
Abbey Primary School,Academy converter,Open,Stuart Avenue,,Mansfield,Nottinghamshire,NG19 0AB,http://www.abbeyprimaryschool.co.uk,1623481117.0,Mr,Neil,Harris,Headteacher,Does not apply,Mixed,Primary,01/05/2021,Mansfield,148382,office@abbey.notts.sch.uk,True,True,office@abbey.notts.sch.uk
Springbank Academy,Academy converter,Open,Peacock Drive,Eastwood,Nottingham,Nottinghamshire,NG16 3HW,https://springbank.academy,1773762277.0,Mr,Adam,Lumley,,Does not apply,Mixed,Primary,01/04/2021,Broxtowe,148518,office@springbank.academy,False,False,01773 762 277 office@springbank.academy
Hawthorne Primary and Nursery School,Academy converter,Open,Keepers Close,Bestwood Village,Nottingham,Nottinghamshire,NG6 8XE,www.hawthorne.notts.sch.uk,1159271544.0,Miss,Rachel,Jarvis,Headteacher,Does not apply,Mixed,Primary,01/02/2022,Gedling,148675,,True,True,
Blidworth Oaks Primary School,Academy converter,Open,Haywood Avenue,Blidworth,Mansfield,Nottinghamshire,NG21 0RE,www.blidworthoaks.co.uk,1623792348.0,Mr,Shaun,Walker,Headteacher,Does not apply,Mixed,Primary,01/08/2022,Sherwood Forest,148856,office@blidworthoaks.notts.sch.uk,True,False,"Blidworth, Mansfield, Nottinghamshire, NG21 0RE01623 792348office@blidworthoaks."
Heathlands Primary School,Academy converter,Open,Ransom Road,Rainworth,Mansfield,Nottinghamshire,NG21 0DJ,http://www.heathlandsprimary.co.uk,1623401402.0,Mr,Shaun,Walker,Headteacher,Does not apply,Mixed,Primary,01/01/2023,Mansfield,148857,office@heathlands.notts.sch.uk,True,False,
Cotgrave Church of England Primary School,Academy converter,Open,The Cross,Cotgrave,Nottingham,Nottinghamshire,NG12 3HS,www.cotgrave-pri.notts.sch.uk,1159892204.0,Mrs,Helen,Pearson,Head Teacher,Church of England,Mixed,Primary,01/10/2022,Rushcliffe,148880,office@cotgrave.snmat.org.uk,False,False,
Aldercar High School,Academy converter,Open,Daltons Close,Langley Mill,Nottingham,Nottinghamshire,NG16 4HL,https://www.aldercarhigh.co.uk,1773712477.0,Mrs,Clare,Hatto,Headteacher,Does not apply,Mixed,Secondary,01/10/2022,Amber Valley,149364,info@aldercarhigh.co.uk,True,False,
Selston Church of England Infant and Nursery School,Academy converter,Open,Nottingham Road,Selston,Nottingham,Nottinghamshire,NG16 6DH,www.selston.snmat.org.uk,1773780131.0,Mrs,L,Hardwick,Executive Headteacher,Church of England,Mixed,Primary,01/12/2022,Ashfield,149417,,True,False,
Outwood Academy Kirkby,Academy converter,Open,Tennyson Street,Kirkby-in-Ashfield,Nottingham,Nottinghamshire,NG17 7DH,www.kirkby.outwood.com,1623455925.0,Mr,Mark,Golden,,Does not apply,Mixed,Secondary,01/09/2022,Ashfield,149429,,False,False,
Kingsway Primary School,Academy converter,Open,Kingsway,Kirkby-in-Ashfield,Nottingham,Nottinghamshire,NG17 7FH,www.kingswayschool.org.uk.,1623408259.0,Mrs,S,Bradbury,Headteacher,Does not apply,Mixed,Primary,01/01/2024,Ashfield,149526,office@kingsway.notts.sch.uk,True,False,
Linby Cum Papplewick CofE Primary School,Academy converter,Open,Quarry Lane,Linby,Nottingham,Nottinghamshire,NG15 8GA,http://www.linby.snmat.org.uk/,1159634282.0,Co Headteacher,Rachel Hodge,Natasha Murray,Headteacher,Church of England,Mixed,Primary,01/09/2023,Sherwood Forest,149552,office@lcp.snmat.org.uk,True,False,
Bracken Hill School,Academy special converter,Open,Chartwell Road,Kirkby-in-Ashfield,Nottingham,Nottinghamshire,NG17 7HZ,http://www.brackenhill.notts.sch.uk,1623477268.0,Mrs,Catherine,Askham,Headteacher,Does not apply,Mixed,Not applicable,01/04/2024,Ashfield,149708,office@brackenhill.notts.sch.uk,False,False,NG17 7HZ01623 477268office@brackenhill.notts.sch.uk
King Edward Primary School & Nursery,Academy converter,Open,St Andrew Street,Littleworth,Mansfield,Nottinghamshire,NG18 2RG,http://www.kingedwardprimary.co.uk,1623472215.0,Mrs,Emma,Estell,Headteacher,Does not apply,Mixed,Primary,01/06/2024,Mansfield,149709,office7@kingedward.notts.sch.uk,True,False,
Sutton Road Primary School,Academy converter,Open,Moor Lane,,Mansfield,Nottinghamshire,NG18 5SF,www.suttonroad.org,1623455920.0,Mrs,Nicola,Davies,Headteacher,Does not apply,Mixed,Primary,01/08/2024,Mansfield,149710,,False,False,
Stanhope Primary and Nursery School,Academy sponsor led,Open,Keyworth Road,Gedling,Nottingham,Nottinghamshire,NG4 4JD,www.stanhopeprimary.co.uk/,1159553440.0,Ms,Amanda,Richards,Headteacher,Does not apply,Mixed,Primary,01/06/2024,Gedling,149824,office@stanhope.notts.sch.uk,True,False,"Keyworth Rd, Gedling, Nottingham NG4 4JD01159553440office@stanhope.notts.sch.ukC | Keyworth Rd, Gedling, Nottingham NG4 4JD01159553440office@stanhope.notts.sch.ukC"
Bluecoat Bentinck Primary Academy,Academy sponsor led,Open,Alfreton Road,Hyson Green,Nottingham,Nottinghamshire,NG7 4AA,,1159151567.0,Headteacher,Sue-Ellen,Shaw,,Does not apply,Mixed,Primary,01/09/2023,Nottingham East,150033,,,,
Abbey Hill Primary & Nursery,Academy converter,Open,Abbey Road,Kirkby-in-Ashfield,Nottingham,Nottinghamshire,NG17 7NZ,http://www.abbeyhillpri.co.uk,1623484512.0,Mr,Adam,Jevons-Newman,,Does not apply,Mixed,Primary,01/04/2024,Ashfield,150098,,False,False,
Langar CofE Primary School,Academy sponsor led,Open,Barnstone Road,Langar,Nottingham,Nottinghamshire,NG13 9HH,https://www.langar.notts.sch.uk/,1949860056.0,Mr,Jamie,Walker-Jones,,Church of England,Mixed,Primary,01/11/2023,Rushcliffe,150129,office@langar.notts.sch.uk,True,False,NG13 9HH01949 860056office@langar.notts.sch.uk
Round Hill Primary School,Academy converter,Open,Foster Avenue,Beeston,Nottingham,Nottinghamshire,NG9 1AE,www.roundhill.notts.sch.uk/,1159179262.0,Mr,Adrian,Nash,Headteacher,Does not apply,Mixed,Primary,01/02/2025,Broxtowe,150250,office@roundhill.notts.sch.uk,True,False,
Bispham Spencer Academy,Academy converter,Open,Bispham Drive,Toton,Nottingham,Nottinghamshire,NG9 6GJ,www.bisphamdrive.notts.sch.uk/,1159137447.0,Mrs,A,Goetzee,Headteacher,Does not apply,Mixed,Primary,01/03/2025,Broxtowe,150411,,True,False,.no-rgba #header-space{display:none}@media only screen and (max-width:999px){bod
Endeavour Academy,Academy special sponsor led,Open,Churchmoor Lane,Arnold,Nottingham,Nottinghamshire,NG5 8HN,,1159534015.0,Mr,Neil,Davies,,Does not apply,Mixed,Not applicable,01/10/2024,Gedling,150758,,,,
Forest Town Primary School,Academy converter,Open,"Forest Town Primary School, Clipstone Road West",Forest Town,Mansfield,Nottinghamshire,NG19 0ED,www.foresttownprimaryschool.co.uk,1623477211.0,Mrs,Vanessa,Farr,Headteacher,Does not apply,Mixed,Primary,01/01/2025,Mansfield,151507,,True,False,
Cantrell Primary and Nursery School,Academy sponsor led,Open,Cantrell Road,Bulwell,Nottingham,Nottinghamshire,NG6 9HJ,,1159155770.0,Mrs,Deborah,Weaver,,Does not apply,Mixed,Primary,01/03/2025,Nottingham North and Kimberley,151545,,,,
