name,type,status,street,locality,town,county,postcode,website,phone,head_title,head_first_name,head_last_name,head_job_title,religion,gender,phase,opened_date,constituency,urn,email,has_pupil_premium,has_financial_reports,ofsted_rating,has_send,governors
Congerstone Primary School,Community school,Open,Shackerstone Road,Congerstone,Nuneaton,Warwickshire,CV13 6NH,http://www.congerstone.leics.sch.uk/,1827880243.0,Mrs,Alison,Ruff,Headteacher,Does not apply,Mixed,Primary,,Hinckley and Bosworth,119949,school.office@congerstone.leics.sch.uk,False,False,Good,True,
Sheepy Magna Church of England Primary School,Voluntary controlled school,Open,Main Road,Sheepy Magna,Atherstone,Warwickshire,CV9 3QR,http://www.sheepymagna.leics.sch.uk,1827880395.0,Mrs,Alison,Field,Headteacher,Church of England,Mixed,Primary,,Hinckley and Bosworth,120158,,True,True,,True,
Witherley Church of England Primary School,Voluntary controlled school,Open,Church Road,Witherley,Atherstone,Warwickshire,CV9 3NA,http://www.witherley.leics.sch.uk,1827712198.0,Mrs,Debbie,Middleton,Headteacher,Church of England,Mixed,Primary,,Hinckley and Bosworth,120172,,True,False,,True,"Mr Mark Essex, Mrs Gaynor Smith, Mr Michael Armstrong"
Atherstone Nursery School,Local authority nursery school,Open,Kings Avenue,(Ent Opp Fire Station),Atherstone,Warwickshire,CV9 1LF,www.atherstonenurseryschool.com,1827794164.0,Mrs,Nicola,Burton,Headteacher,Does not apply,Mixed,Nursery,,North Warwickshire and Bedworth,125484,admin1000@welearn365.com,True,False,Outstanding,True,"Mrs Nicci Burton, Mrs Grace Shergold, Mrs Cheryl Acton"
Bedworth Heath Nursery School,Local authority nursery school,Open,Glebe Avenue,,Bedworth,Warwickshire,CV12 0DP,www.bedworthheathnursery.co.uk,2477752392.0,Mrs,Nicola,Burton,Headteacher,Does not apply,Mixed,Nursery,,North Warwickshire and Bedworth,125486,,False,False,,False,
Whitnash Nursery School,Local authority nursery school,Open,Nursery Lane,Whitnash,Leamington Spa,Warwickshire,CV31 2PW,www.whitnashnurseryschool.org.uk,1926335312.0,Mrs,Rachel,Gillett,Headteacher,Does not apply,Mixed,Nursery,,Warwick and Leamington,125487,admin1003@welearn365.com,False,False,Outstanding,False,
Kenilworth Nursery School & Early Years Training Centre,Local authority nursery school,Open,Bertie Road,,Kenilworth,Warwickshire,CV8 1JP,www.kenilworthns.org.uk,1926853394.0,Mrs,Rachel,Gillett,Headteacher,Does not apply,Mixed,Nursery,,Kenilworth and Southam,125488,,False,False,Outstanding,False,
Warwick Nursery School,Local authority nursery school,Open,Coventry Road,,Warwick,Warwickshire,CV34 4LJ,www.warwicknurseryschool.org,1926492701.0,Mrs,Cathy,Bignold,Headteacher,Does not apply,Mixed,Nursery,,Warwick and Leamington,125490,admin1022@welearn365.com,True,True,,True,
Stockingford Maintained Nursery School,Local authority nursery school,Open,St Paul's Road,Stockingford,Nuneaton,Warwickshire,CV10 8HW,www.stockingfordnurseryschool.co.uk,2476383708.0,Mrs,Katherine,King,Headteacher,Does not apply,Mixed,Nursery,,Nuneaton,125491,example@gmail.com,True,False,Outstanding,True,
Nursery Hill Primary School,Community school,Open,Ansley Common,,Nuneaton,Warwickshire,CV10 0PY,www.nurseryhillprimary.co.uk/,2476392318.0,Mrs,Sarah,Jeans,Headteacher,Does not apply,Mixed,Primary,,Nuneaton,125500,,False,False,,False,
Claverdon Primary School,Community school,Open,Breach Lane,Claverdon,Warwick,Warwickshire,CV35 8QA,http://www.claverdonschool.org.uk/,1926842403.0,Mr,Daniel,Powell,Headteacher,Does not apply,Mixed,Primary,,Stratford-on-Avon,125507,admin2017@welearn365.com,True,False,Outstanding,True,"Miss Ellen Turner, Miss Nicola Dainty"
Great Alne Primary School,Community school,Open,School Road,Great Alne,Alcester,Warwickshire,B49 6HQ,www.greatalneprimary.org/,1789488247.0,Mr,Matthew,Penn,Headteacher,Does not apply,Mixed,Primary,,Stratford-on-Avon,125511,,False,False,,True,
Michael Drayton Junior School,Community school,Open,The Woodlands,Hartshill,Nuneaton,Warwickshire,CV10 0SZ,www.michaeldraytonjunior.co.uk/,2476392272.0,Mrs,Diane,Compton-Belcher,Headteacher,Does not apply,Mixed,Primary,,Nuneaton,125512,admin2028@welearn365.com,True,True,Good,True,
Nathaniel Newton Infant School,Community school,Open,Victoria Road,Hartshill,Nuneaton,Warwickshire,CV10 0LS,www.nathanielnewton.co.uk,2476392236.0,Mrs,Julie,Forshew,Headteacher,Does not apply,Mixed,Primary,,Nuneaton,125513,,False,False,,True,
Hurley Primary School,Community school,Open,Heanley Lane,Hurley,Atherstone,Warwickshire,CV9 2HY,http://www.hurleyschool.co.uk,1827872207.0,Mr,Matt,Hardman,Headteacher,Does not apply,Mixed,Primary,,North Warwickshire and Bedworth,125515,,False,False,Good,True,
Quinton Primary School,Community school,Open,,Lower Quinton,Stratford-upon-Avon,Warwickshire,CV37 8SA,,1789720317.0,Mrs,Charlotte,Hopkins,Headteacher,Does not apply,Mixed,Primary,,Stratford-on-Avon,125519,,,,,False,
Snitterfield Primary School,Community school,Open,School Road,Snitterfield,Stratford-upon-Avon,Warwickshire,CV37 0JL,www.snitterfieldschool.org.uk,1789731301.0,Mrs,Rowena,Silk,Head of School,Does not apply,Mixed,Primary,,Stratford-on-Avon,125521,hXZleLWnpW6jtg087nYd4tNJKQpO3LX1n6CYDBxb@2xl.jpg,True,False,Outstanding,True,"Mrs Rowena Silk, Mrs Rowena Silk, Miss Melanie Findlay"
Thomas Jolyffe Primary School,Community school,Open,Clopton Road,,Stratford-upon-Avon,Warwickshire,CV37 6TE,www.thomasjolyffe.warwickshire.sch.uk/,1789267015.0,Mrs,Philippa,Liversidge,Headteacher,Does not apply,Mixed,Primary,,Stratford-on-Avon,125525,,True,True,,True,
Bridgetown Primary School,Community school,Open,Byron Road,,Stratford-upon-Avon,Warwickshire,CV37 7JP,http://www.bridgetown.warwickshire.sch.uk,1789205092.0,Mr,Mark,Szortowski,Head Teacher,Does not apply,Mixed,Primary,,Stratford-on-Avon,125526,,True,True,Outstanding,True,
Welford-on-Avon Primary School,Community school,Open,Headland Road,Welford-on-Avon,Stratford-upon-Avon,Warwickshire,CV37 8ER,www.welfordonavonschool.co.uk/,1789750214.0,Mrs,Julie,Leeman,Headteacher,Does not apply,Mixed,Primary,,Stratford-on-Avon,125528,,False,False,Outstanding,True,
Lighthorne Heath Primary School,Community school,Open,Stratford Road,Lighthorne Heath,Leamington Spa,Warwickshire,CV33 9TW,http://www.lighthorneheathprimaryschool.co.uk,1926640326.0,Mrs,Juliette,Westwood,Executive Head Teacher,Does not apply,Mixed,Primary,,Kenilworth and Southam,125530,admin2064@welearn365.com,False,False,,False,
Chilvers Coton Community Infant School,Community school,Open,Fitton Street,,Nuneaton,Warwickshire,CV11 5RB,www.chilvers-coton.co.uk,2476387001.0,Miss,Terri,Hitchcox,Headteacher,Does not apply,Mixed,Primary,,Nuneaton,125537,,False,False,,False,
Galley Common Infant School,Community school,Open,Plough Hill Road,Galley Common,Nuneaton,Warwickshire,CV10 9NZ,http://www.galleycommoninfschool.co.uk/,2476392219.0,Mrs,Kay,Middleton,Headteacher,Does not apply,Mixed,Primary,,Nuneaton,125539,,True,False,,True,
Whitestone Infant School,Community school,Open,Magyar Crescent,,Nuneaton,Warwickshire,CV11 4SQ,http://www.whitestone-infantschool.co.uk/,2476347813.0,Mrs,Nicola,Green,Headteacher,Does not apply,Mixed,Primary,,Nuneaton,125545,admin2123@welearn365.com,True,False,,True,"Mrs Nicola Green, Mrs Nicola Green, Mr Phil Johnson"
Thorns Community Infant School,Community school,Open,Blackthorn Road,,Kenilworth,Warwickshire,CV8 2DS,http://www.thornsinfantschool.com,1926853875.0,Mrs,Elizabeth,Bradbury,Headteacher,Does not apply,Mixed,Primary,,Kenilworth and Southam,125550,,False,False,Good,True,"Miss Lizzy Biggs, MrÂ Dave Wigglesworth, Miss Annie Griffiths"
Clinton Primary School,Community school,Open,Caesar Road,,Kenilworth,Warwickshire,CV8 1DL,http://www.clintonprimary.co.uk,1926852334.0,Mr,Sam,Pater,Headteacher,Does not apply,Mixed,Primary,,Kenilworth and Southam,125551,admin2308@welearn365.com,True,False,,True,
Park Hill Junior School,Community school,Open,Parkfield Drive,,Kenilworth,Warwickshire,CV8 2JJ,www.parkhilljuniorschool.co.uk/,1926855974.0,Mrs,Liz,Bradbury,Executive Headteacher,Does not apply,Mixed,Primary,,Kenilworth and Southam,125552,,False,False,,False,
Clapham Terrace Community Primary School and Nursery,Community school,Open,Clapham Terrace,,Leamington Spa,Warwickshire,CV31 1HZ,www.claphamterrace.info/,1926423404.0,Mrs,Julie,Miles,Headteacher,Does not apply,Mixed,Primary,,Warwick and Leamington,125554,admin2312@welearn365.com,True,False,Good,True,
Westgate Primary School,Community school,Open,Bowling Green Street,,Warwick,Warwickshire,CV34 4DD,https://www.westgate-primary.com/,1926492015.0,Mr,Matthew,Watson,Headteacher,Does not apply,Mixed,Primary,,Warwick and Leamington,125559,admin2322@welearn365.com,True,True,,True,
Whitnash Primary School,Community school,Open,Langley Road,Whitnash,Leamington Spa,Warwickshire,CV31 2EX,www.whitnashprimaryschool.com/,1926426773.0,Mrs,Donna,Ellison,Headteacher,Does not apply,Mixed,Primary,,Warwick and Leamington,125560,admin2324@welearn365.com,True,False,Good,False,
Newburgh Primary School,Community school,Open,Kipling Avenue,,Warwick,Warwickshire,CV34 6LD,www.newburghprimaryschool.co.uk/,1926775453.0,Mrs,Karen,Turner,Headteacher,Does not apply,Mixed,Primary,,Warwick and Leamington,125561,admin2325@welearn365.com,True,False,,True,
Telford Infant School,Community school,Open,Kelvin Road,Lillington,Leamington Spa,Warwickshire,CV32 7TE,www.telford-inf.warwickshire.sch.uk/web,1926425544.0,Ms,Louise,Roberts,Headteacher,Does not apply,Mixed,Primary,,Warwick and Leamington,125562,,True,False,Good,True,
Briar Hill Infant School,Community school,Open,Coppice Road,Whitnash,Leamington Spa,Warwickshire,CV31 2JF,http://www.briarhillstmargarets.co.uk,1926422834.0,Mrs,Sukie,Owers,Executive Headteacher,Does not apply,Mixed,Primary,,Warwick and Leamington,125563,admin2327@welearn365.com,True,True,Good,True,"Mr Serhan Wade, Mrs Debbie Morgan, Mr Richard Hawke"
Brookhurst Primary School,Community school,Open,Ullswater Avenue,,Leamington Spa,Warwickshire,CV32 6NH,http://www.brookhurstprimary.com,1926420051.0,Headteacher,Angela,Stanton,Headteacher,Does not apply,Mixed,Primary,,Warwick and Leamington,125565,6djvuormtk9ole60e7ikle0gdg@google.com,True,False,Good,True,
Emscote Infant School,Community school,Open,All Saints Road,,Warwick,Warwickshire,CV34 5NH,www.allsaintsemscotefederation.co.uk,1926491433.0,Mr,Jon,Queralt,Executive Headteacher,Does not apply,Mixed,Primary,,Warwick and Leamington,125566,,False,False,,True,
Long Lawford Primary School,Community school,Open,Holbrook Road,Long Lawford,Rugby,Warwickshire,CV23 9AL,http://www.longlawfordprimaryschool.com,1788543332.0,Mrs,Claire,Stringer,Headteacher,Does not apply,Mixed,Primary,,Rugby,125570,user@domain.com,False,True,Good,False,
Abbots Farm Infant School,Community school,Open,Abbotts Way,,Rugby,Warwickshire,CV21 4AP,http://www.abbotsfarm-inf.org,1788543093.0,Mrs,Jeanette,Lovejoy,Headteacher,Does not apply,Mixed,Primary,,Rugby,125573,admin2410@welearn365.com,True,False,,True,
Eastlands Primary School,Community school,Open,Lansdowne Place,,Rugby,Warwickshire,CV21 3RY,www.eastlandsprimaryschool.co.uk/,1788575328.0,Mrs,Suki Edwards,Samantha Warrington,Headteacher,Does not apply,Mixed,Primary,,Rugby,125575,admin2415@welearn365.com,True,False,,True,
Northlands Primary School,Community school,Open,Pinders Lane,,Rugby,Warwickshire,CV21 2SS,www.northlands-school.org.uk/,1788542440.0,Mr,Julian,Davoile,Headteacher,Does not apply,Mixed,Primary,,Rugby,125576,,True,True,Good,True,
Bilton Infant School,Community school,Open,Magnet Lane,Bilton,Rugby,Warwickshire,CV22 7NH,http://www.biltoninfantschool.co.uk,1788811549.0,Mrs,Charlotte,Fawbert,Headteacher,Does not apply,Mixed,Primary,,Rugby,125579,,True,False,,False,
Abbots Farm Junior School,Community school,Open,Abbotts Way,,Rugby,Warwickshire,CV21 4AP,http://www.abbotsfarm.co.uk,1788576074.0,Mrs,Gemma,Webb,Headteacher,Does not apply,Mixed,Primary,,Rugby,125580,admin2421@welearn365.com,True,False,Good,True,
Bawnmore Community Infant School,Community school,Open,Bawnmore Road,,Rugby,Warwickshire,CV22 6JS,www.bawnmoreinfantschool.co.uk,1788810065.0,Mrs,Pamela,Davey,Headteacher,Does not apply,Mixed,Primary,,Rugby,125581,admin2423@welearn365.com,True,False,,True,
High Meadow Community School,Community school,Open,High Meadow Community School,Norton Road,Coleshill,Warwickshire,B46 1ES,www.highmeadowcommunityschool.co.uk,1675462312.0,Mrs,Melanie,Brown,Headteacher,Does not apply,Mixed,Primary,,North Warwickshire and Bedworth,125584,,False,False,,True,
Chetwynd Junior School,Community school,Open,Gipsy Lane,,Nuneaton,Warwickshire,CV11 4SE,www.chetwyndjuniorschool.co.uk,2476340154.0,Headteacher,Stephanie,Lawes,Headteacher,Does not apply,Mixed,Primary,,Nuneaton,125591,admin2581@we-learn.com,False,True,Good,True,
Glendale Infant School,Community school,Open,Skye Close,,Nuneaton,Warwickshire,CV10 7LW,www.glendale.warwickshire.sch.uk,2476349672.0,Mrs,Louise,Hopkins,Headteacher,Does not apply,Mixed,Primary,,Nuneaton,125595,,True,False,,True,
Boughton Leigh Junior School,Community school,Open,Wetherell Way,Brownsover,Rugby,Warwickshire,CV21 1LT,www.boughtonleigh-juniorschool.co.uk/,1788577914.0,Mrs,Dionne,Hunter,Headteacher,Does not apply,Mixed,Primary,,Rugby,125598,admin2590@welearn365.com,True,False,,True,
Boughton Leigh Infant School,Community school,Open,Wetherall Way,Brownsover,Rugby,Warwickshire,CV21 1LT,www.boughtonleigh.co.uk,1788571679.0,,Andrew,Moorcroft,Headteacher,Does not apply,Mixed,Primary,,Rugby,125603,admin2598@welearn365.com,True,True,,True,
Croft Junior School,Community school,Open,Northumberland Avenue,Stockingford,Nuneaton,Warwickshire,CV10 8ER,www.croftjuniorschool.co.uk,2476387319.0,Mr,Denham,Kite,Headteacher,Does not apply,Mixed,Primary,,Nuneaton,125605,,True,False,,True,
Bishopton Primary School,Community school,Open,Drayton Avenue,,Stratford-upon-Avon,Warwickshire,CV37 9PB,www.bishoptonprimary.co.uk,1789205058.0,Mr,Andrew,Smith,Headteacher,Does not apply,Mixed,Primary,,Stratford-on-Avon,125607,,True,True,,True,
Priors Field Primary School,Community school,Open,Clinton Lane,,Kenilworth,Warwickshire,CV8 1BA,www.priorsfieldprimary.com,1926853015.0,Mrs,Katie,Gane,Headteacher,Does not apply,Mixed,Primary,,Kenilworth and Southam,125609,admin2605@welearn365.com,False,False,,True,
Milverton Primary School,Community school,Open,Greatheed Road,,Leamington Spa,Warwickshire,CV32 6ES,www.milvertonprimaryschool.co.uk,1926424043.0,Mr,Matthew,Fisher,Headteacher,Does not apply,Mixed,Primary,,Warwick and Leamington,125610,,True,True,,True,
Race Leys Infant School,Community school,Open,Hurst Road,,Bedworth,Warwickshire,CV12 8AD,www.raceleysinfant.com,2476312221.0,Mrs,Louise,Duncan,Headteacher,Does not apply,Mixed,Primary,,North Warwickshire and Bedworth,125616,admin2614@welearn365.com,True,True,,True,"Mrs Kelly Baxter, Mrs Kelly Baxter"
Brownsover Community School,Community school,Open,Webb Drive,Brownsover,Rugby,Warwickshire,CV23 0UP,www.brownsovercommunityschool.co.uk,1788547660.0,Mrs,Elisa,Aristidou-Basnett,Headteacher,Does not apply,Mixed,Primary,,Rugby,125618,,True,True,,False,"Mrs Jenny Tegerdine, Miss Mumtaz Khan, Mrs Kimberley Gordon"
Water Orton Primary School,Community school,Open,Plank Lane,Water Orton,Birmingham,Warwickshire,B46 1SG,www.waterortonprimaryschool.co.uk,1217472851.0,Mrs,Emma,Smith,Headteacher,Does not apply,Mixed,Primary,,North Warwickshire and Bedworth,125620,admin2618@welearn365.com,True,True,,True,
Alveston CofE Primary School,Voluntary controlled school,Open,Knights Lane,Tiddington,Stratford-upon-Avon,Warwickshire,CV37 7BZ,www.alvestoncofeprimary.co.uk,1789293412.0,Mrs,Anne,Clewley,Headteacher,Church of England,Mixed,Primary,,Stratford-on-Avon,125623,admin3002@welearn365.com,True,False,,True,
Bidford-on-Avon CofE Primary School,Voluntary controlled school,Open,Bramley Way,Bidford-on-Avon,Alcester,Warwickshire,B50 4QG,www.bidfordonavon.warwickshire.sch.uk/,1789773201.0,Mr,Andrew,Morris,Headteacher,Church of England,Mixed,Primary,,Stratford-on-Avon,125625,,True,False,,True,
Ettington CofE Primary School,Voluntary controlled school,Open,Churchill Close,Ettington,Stratford-upon-Avon,Warwickshire,CV37 7SP,www.ettingtonprimary.org/,1789740236.0,Mrs,Michelle,Crowe,Headteacher,Church of England,Mixed,Primary,,Stratford-on-Avon,125631,,False,False,,True,
Hampton Lucy CofE Primary School,Voluntary controlled school,Open,Church Street,Hampton Lucy,Warwick,Warwickshire,CV35 8BE,www.hamptonlucyschool.co.uk,1789840398.0,Mrs,Lucy,Jackson,Headteacher,Church of England,Mixed,Primary,,Stratford-on-Avon,125635,admin3031@welearn365.com,True,False,,True,
Ilmington CofE Primary School,Voluntary controlled school,Open,Back Street,Ilmington,Shipston-on-Stour,Warwickshire,CV36 4LJ,http://www.ilmingtonschool.co.uk,1608682212.0,Mr,Paul,Crouch,Headteacher,Church of England,Mixed,Primary,,Stratford-on-Avon,125637,,True,False,,True,
Loxley CofE Community Primary School,Voluntary controlled school,Open,Loxley,,Warwick,Warwickshire,CV35 9JT,www.loxleyprimaryschool.co.uk,1789840211.0,Mr,Tim,Dale,Head of School,Church of England,Mixed,Primary,,Stratford-on-Avon,125639,,False,False,Good,True,"Mr Tim Dale, Mr Tim Dale, Miss Olivia Geldard"
Mappleborough Green CofE Primary School,Voluntary controlled school,Open,Henley Road,Mappleborough Green,Studley,Warwickshire,B80 7DR,www.mappleboroughgreenprimaryschool.org.uk,1527852240.0,Mr,Alexander,Finch,Headteacher,Church of England,Mixed,Primary,,Stratford-on-Avon,125640,,False,False,,False,
Shottery St Andrew's CofE Primary School,Voluntary controlled school,Open,3 Hathaway Lane,,Stratford-upon-Avon,Warwickshire,CV37 9BL,http://www.shotterystandrewsprimary.org.uk,1789551508.0,Mrs,Louise,Withers,Headteacher,Church of England,Mixed,Primary,,Stratford-on-Avon,125646,,False,False,Good,True,
"All Saints CofE Primary School and Nursery, Nuneaton",Voluntary controlled school,Open,Knebley Crescent,Hilltop,Nuneaton,Warwickshire,CV10 7AT,www.allsaintsceprimaryschoolandnursery.co.uk/,2476382123.0,Mrs,Lisa,Harrison,Headteacher,Church of England,Mixed,Primary,,Nuneaton,125653,admin3101@welearn365.com,True,False,,True,
Abbey CofE Infant School,Voluntary controlled school,Open,Aston Road,,Nuneaton,Warwickshire,CV11 5EL,www.abbeyinfants.co.uk,2476386101.0,Mrs,Rachel,Horton,Headteacher,Church of England,Mixed,Primary,,Nuneaton,125654,,False,False,,True,"Mr Paul Allred, Mr Darren Arnold"
"St Paul's CofE Primary School, Nuneaton",Voluntary controlled school,Open,Wiclif Way,Stockingford,Nuneaton,Warwickshire,CV10 8NH,www.stpaulsnuneaton.org.uk/,2476383323.0,Mrs,Lindsay,Eardley,Headteacher,Church of England,Mixed,Primary,,Nuneaton,125656,,True,False,,True,"Mrs Claire Emptage, Mrs Teighan Perry, Mrs Jodie Bassett"
Bishops Tachbrook CofE Primary School,Voluntary controlled school,Open,Kingsley Road,,Leamington Spa,Warwickshire,CV33 9RY,www.btschool.co.uk,1926426020.0,Mrs,Cathryn,Kilbey,Headteacher,Church of England,Mixed,Primary,,Warwick and Leamington,125657,,False,False,Outstanding,False,
Cubbington CofE Primary School,Voluntary controlled school,Open,Church Hill,Cubbington,Leamington Spa,Warwickshire,CV32 7JY,http://www.cubbingtonprimaryschool.co.uk/,1926422967.0,Mrs,Juliet,Jones,Headteacher,Church of England,Mixed,Primary,,Kenilworth and Southam,125660,,True,False,,True,
Lapworth CofE Primary School,Voluntary controlled school,Open,Station Lane,Lapworth,Solihull,Warwickshire,B94 6LT,http://www.lapworthschool.co.uk,1564783225.0,Mrs,Judy,McCluskey,Headteacher,Church of England,Mixed,Primary,,Kenilworth and Southam,125662,admin3147@welearn365.com,True,False,Good,True,
Radford Semele CofE Primary School,Voluntary controlled school,Open,School Lane,Radford Semele,Leamington Spa,Warwickshire,CV31 1TQ,www.radfordsemeleprimaryschool.co.uk/,1926426940.0,Mrs,K,Benson,Headteacher,Church of England,Mixed,Primary,,Warwick and Leamington,125665,,False,False,,True,
All Saints' CofE Junior School,Voluntary controlled school,Open,Nelson Avenue,,Warwick,Warwickshire,CV34 5LY,www.allsaintsemscotefederation.co.uk,1926492991.0,Mr,Jon,Queralt,Executive Headteacher,Church of England,Mixed,Primary,,Warwick and Leamington,125666,,False,False,,True,
St. Margaret's CofE Junior School,Voluntary controlled school,Open,Coppice Road,Whitnash,Leamington Spa,Warwickshire,CV31 2JF,https://www.briarhillstmargarets.co.uk/topic/st-margarets-c-of-e-junior-school,1926426216.0,Mrs,Sukie,Owers,Executive Head,Church of England,Mixed,Primary,,Warwick and Leamington,125667,admin2327@welearn365.com,True,True,Good,True,
Clifton-upon-Dunsmore CofE Primary School,Voluntary controlled school,Open,Station Road,Clifton-upon-Dunsmore,Rugby,Warwickshire,CV23 0BT,https://www.cliftonupondunsmoreprimaryschool.uk/,1788542027.0,Mrs,Lisa,Bernard,Head of School,Church of England,Mixed,Primary,,Rugby,125670,admin3177@welearn365.com,True,False,,True,
Wolston St Margaret's CofE Primary School,Voluntary controlled school,Open,Brookside,Main Street,Coventry,Warwickshire,CV8 3HH,www.wolstonprimary.org.uk,2476542212.0,Mrs,Michelle,Clemons,Headteacher,Church of England,Mixed,Primary,,Rugby,125676,admin3192@welearn365.com,True,False,,False,
Holy Trinity CofE Primary School,Voluntary controlled school,Open,The Willows North,,Stratford-upon-Avon,Warwickshire,CV37 9QN,https://www.holytrinity.warwickshire.sch.uk/,1789205811.0,Mrs,Joanne,Herrero,Head Teacher,Church of England,Mixed,Primary,,Stratford-on-Avon,125681,admin3204@welearn365.com,True,True,Good,True,
Bilton CofE Junior School,Voluntary controlled school,Open,Plantagenet Drive,Bilton,Rugby,Warwickshire,CV22 6LB,http://www.biltonjuniorschool.co.uk,1788810675.0,Mrs,Becky,Ross,Headteacher,Church of England,Mixed,Primary,,Rugby,125682,,False,False,,True,
The Canons C of E Primary School,Voluntary aided school,Open,Derwent Road,,Bedworth,Warwickshire,CV12 8RT,www.thecanonsprimary.co.uk,2476312220.0,Mrs,Michaela,Fallon,Headteacher,Church of England,Mixed,Primary,,North Warwickshire and Bedworth,125689,admin3302@welearn365.com,True,True,,True,"Mr Geoff Allen, Mrs Debbie King, Mr Tim Barnes"
"St Paul's CofE Primary School, Leamington Spa",Voluntary aided school,Open,Upper Holly Walk,,Leamington Spa,Warwickshire,CV32 4JZ,www.saintpaulsschool.co.uk,1926425361.0,Mr,M,Bown,Headteacher,Church of England,Mixed,Primary,,Warwick and Leamington,125701,admin3371@welearn365.com,True,True,,True,
St Peter's Catholic Primary School,Voluntary aided school,Open,Augusta Place,,Leamington Spa,Warwickshire,CV32 5EL,http://st-peterscatholic.warwickshire.sch.uk,1926427497.0,Mrs,Tess,Sharman,Headteacher,Roman Catholic,Mixed,Primary,,Warwick and Leamington,125714,admin3542@welearn365.com,False,False,,False,
St Anthony's Catholic Primary School,Voluntary aided school,Open,Sydenham Drive,,Leamington Spa,Warwickshire,CV31 1NJ,www.stanthonyscatholic.com,1926428800.0,Mrs,Hannah,Edwards,Headteacher,Roman Catholic,Mixed,Primary,,Warwick and Leamington,125716,admin3544@welearn365.com,False,False,,False,
St Mary Immaculate Catholic Primary School,Voluntary aided school,Open,Wathen Road,,Warwick,Warwickshire,CV34 5BG,www.stmaryimmaculateschool.co.uk,1926493959.0,Mrs,Julia,Wallace,Headteacher,Roman Catholic,Mixed,Primary,,Warwick and Leamington,125717,,False,False,,True,
St Joseph's Catholic Primary School,Voluntary aided school,Open,Rowley Road,Whitnash,Leamington Spa,Warwickshire,CV31 2LJ,www.sjcwhitnash.co.uk,1926427552.0,Mrs,Julia,Wallace,Headteacher,Roman Catholic,Mixed,Primary,,Warwick and Leamington,125719,admin@sjcwhitnash.co.uk,True,False,,True,
"Our Lady's Catholic Primary School, Princethorpe",Voluntary aided school,Open,Leamington Road,Princethorpe,Rugby,Warwickshire,CV23 9PU,www.ourladysrc.warwickshire.sch.uk/,1926632385.0,Mrs,Catherine,Burch,Headteacher,Roman Catholic,Mixed,Primary,,Kenilworth and Southam,125721,admin@ourladysprincethorpe.co.uk,True,False,,True,
Barford St Peter's CofE Primary School,Voluntary aided school,Open,Church Street,Barford,Warwick,Warwickshire,CV35 8EW,https://www.barfordstpeters.org/,1926624244.0,Mrs,Mary,Baker,Headteacher,Church of England,Mixed,Primary,01/01/1900,Kenilworth and Southam,125729,,False,False,Outstanding,True,
Wolverton Primary School,Foundation school,Open,Wolverton Fields,Norton Lindsey,Warwick,Warwickshire,CV35 8JN,http://www.wolvertonprimary.org.uk,1926919280.0,Mrs,Anna,Rogers,Headteacher,,Mixed,Primary,,Stratford-on-Avon,125760,admin5201@welearn365.com,True,False,,False,
Middlemarch School,Foundation school,Open,College Street,,Nuneaton,Warwickshire,CV10 7BQ,www.middlemarchschool.co.uk,2476328009.0,Mrs,G,Mawdsley,Headteacher,,Mixed,Primary,,Nuneaton,125761,,True,True,,True,"Mrs Kim Holland, Mrs Sarah Vega, Mrs Georgina Mawdsley"
Dunnington CofE Primary School,Voluntary aided school,Open,Dunnington,,Alcester,Warwickshire,B49 5NT,www.dunnington-school.co.uk/,1789772200.0,Mrs,Monica,Gamble,Headteacher,Church of England,Mixed,Primary,,Stratford-on-Avon,125762,admin5203@welearn365.com,True,True,,True,
The Avon Valley School and Performing Arts College,Foundation school,Open,Newbold Road,Newbold-on-Avon,Rugby,Warwickshire,CV21 1EH,http://www.avonvalleyschool.org/,1788542355.0,Mr,Blake,Francis,Headteacher,,Mixed,Secondary,,Rugby,125764,,False,False,,False,
Exhall Grange Specialist School,Community special school,Open,Easter Way,Ash Green,Coventry,Warwickshire,CV7 9HP,http://www.exhallgrange.co.uk/,2476364200.0,Mrs,Helen,Seickell,Headteacher,Does not apply,Mixed,Not applicable,,North Warwickshire and Bedworth,125794,info@exhallgrange.co.uk,True,False,Outstanding,True,"Miss Jodie Welland, Mrs Vikki Bishop, Mrs Louise Holland"
Evergreen School,Community special school,Open,Deansway,,Warwick,Warwickshire,CV34 5DF,www.evergreenschool.co.uk,1926290444.0,Mr,Nick,Evans,Headteacher,Does not apply,Mixed,Not applicable,,Warwick and Leamington,125805,admin7028@welearn365.com,False,False,,True,
The Dassett CofE Primary School,Voluntary controlled school,Open,Fenny Compton,,Southam,Warwickshire,CV47 2XU,http://www.thedassettprimary.co.uk,1295770267.0,Miss,Suzanne,Corry,Headteacher,Church of England,Mixed,Primary,01/09/1996,Kenilworth and Southam,130379,admin3216@welearn365.com,False,True,,False,
Coten End Primary School,Community school,Open,Coten End,,Warwick,Warwickshire,CV34 4NP,www.cotenend.warwickshire.sch.uk/,1926491329.0,Mrs,Sarah,Sheepy,Headteacher,Does not apply,Mixed,Primary,01/09/1996,Warwick and Leamington,130867,cot-admin@stowevalley.com,False,False,,True,
Sydenham Primary School,Community school,Open,Calder Walk,Sydenham,Leamington Spa,Warwickshire,CV31 1SA,www.sydenhamprimaryschool.co.uk/,1926339138.0,Mrs,Juliette,Westwood,Headteacher,Does not apply,Mixed,Primary,01/09/1996,Warwick and Leamington,130868,admin2622@welearn365.com,False,False,Outstanding,False,
St John's Primary School and Nursery,Community school,Open,Mortimer Road,,Kenilworth,Warwickshire,CV8 1FS,www.stjohnsprimarykenilworth.co.uk,1926854450.0,Mr,Adam,Lee,Headteacher,Does not apply,Mixed,Primary,01/09/1996,Kenilworth and Southam,130870,schooloffice2620@welearn365.com,True,False,,True,
St Andrew's Benn CofE (Voluntary Aided) Primary School,Voluntary aided school,Open,Chester Street,,Rugby,Warwickshire,CV21 3NX,www.standrewsbennprimary.co.uk/,1788574697.0,Ms,Abigail,Huggins,Headteacher,Church of England,Mixed,Primary,01/09/1996,Rugby,130877,,True,False,,True,
The Revel CofE (Aided) Primary School,Voluntary aided school,Open,Brockhurst Lane,,Rugby,Warwickshire,CV23 0RA,www.therevelprimaryschool.co.uk/,1788832264.0,Mr,Andrew,Edwards (Executive Headteacher) Mr Patrick Luke (Head of School),Headteacher,Church of England,Mixed,Primary,01/09/1996,Rugby,130878,office@therevel.co.uk,True,True,,True,"Mr Tony Humphreys, Ms Eloise Heneghan, Ms Sara Dunn"
St Matthew's Bloxam CofE Primary School,Voluntary controlled school,Open,Webb Ellis Road,,Rugby,Warwickshire,CV22 7AU,www.st-matthewsbloxam.co.uk/,1788542610.0,Mrs,Anita,Timson,Acting Headteacher,Church of England,Mixed,Primary,01/09/1996,Rugby,130883,admin3213@welearn365.com,True,True,Good,True,
St Lawrence CofE (Voluntary Aided) Primary School,Voluntary aided school,Open,Dog Lane,Napton-on-the-Hill,Southam,Warwickshire,CV47 8LU,http://www.stlawrenceprimaryschool.co.uk,1926812447.0,Mrs,Bethan,Hanna,Headteacher,Church of England,Mixed,Primary,01/09/1996,Kenilworth and Southam,130884,office@stlawrenceprimaryschool.co.uk,False,False,,True,
Paddox Primary School,Community school,Open,Fareham Avenue,,Rugby,Warwickshire,CV22 5HS,www.paddoxprimary.com/,1788572340.0,Miss,Victoria,O'Dell,Headteacher,Does not apply,Mixed,Primary,01/09/1996,Rugby,130885,,True,False,,False,
Binley Woods Primary School,Community school,Open,Coombe Drive,Binley Woods,Coventry,Warwickshire,CV3 2QU,http://www.binleywoodsprimaryschool.com,2476543754.0,Mrs,Karen,Sharp,Headteacher,Does not apply,Mixed,Primary,01/09/1996,Rugby,130886,admin2626@welern365.com,True,True,,True,
Hillmorton Primary School,Community school,Open,Watts Lane,Hillmorton,Rugby,Warwickshire,CV21 4PE,www.hillmortonprimaryschool.com,1788544309.0,Mrs,Bryony,Harrison,Headteacher,Does not apply,Mixed,Primary,01/09/1996,Rugby,130887,admin2628@welearn365.com,True,True,Outstanding,True,
Wembrook Primary School,Community school,Open,Avenue Road,,Nuneaton,Warwickshire,CV11 4LU,www.wembrook.warwickshire.sch.uk/,2476382961.0,Mr,Simon,Pearson,Headteacher,Does not apply,Mixed,Primary,01/09/1996,Nuneaton,130889,,False,False,Good,True,
Arden Forest Infant School,Community school,Open,Weston Lane,Bulkington,Bedworth,Warwickshire,CV12 9RT,www.ardenforest.warwickshire.sch.uk/,2476315913.0,Mrs,Rose,Gunn,Headteacher,Does not apply,Mixed,Primary,01/09/1996,Rugby,130893,admin2630@welearn365.com,True,False,Good,True,"Mrs Emma Powell, Mrs Emma Powell, Miss Amy Mc"
Milby Primary School,Community school,Open,Milby Drive,,Nuneaton,Warwickshire,CV11 6JS,www.milby.warwickshire.sch.uk/,2476382587.0,Mr,Matthew,Archer,Headteacher,Does not apply,Mixed,Primary,01/09/1996,Nuneaton,130894,,True,True,,True,
Weddington Primary School,Community school,Open,Winchester Avenue,,Nuneaton,Warwickshire,CV10 0DR,www.weddingtonschool.co.uk,2476340729.0,Mr,M,Patel,Headteacher,Does not apply,Mixed,Primary,01/09/1996,Nuneaton,130895,admin2632@welearn365.com,True,False,Good,True,
Newdigate Primary and Nursery School,Community school,Open,Anderton Road,,Bedworth,Warwickshire,CV12 0HA,www.newdigate.warwickshire.sch.uk,2476361662.0,Mrs,Geraldine,Marshall,Headteacher,Does not apply,Mixed,Primary,01/09/1996,North Warwickshire and Bedworth,130896,admin2633@we-learn.com,True,True,,True,
Goodyers End Primary School,Community school,Open,Bowling Green Lane,,Bedworth,Warwickshire,CV12 0HP,www.goodyersend.warwickshire.sch.uk,2476364448.0,Ms,Claire,Hall,Interim Headteacher,Does not apply,Mixed,Primary,01/09/1996,North Warwickshire and Bedworth,130897,,False,False,Good,True,
Knightlow CofE Primary School,Voluntary aided school,Open,Hill Crescent,Stretton-on-Dunsmore,Rugby,Warwickshire,CV23 9NF,http://www.knightlowprimary.co.uk,2476543751.0,Mrs,Claire,Woolley,Headteacher,Church of England,Mixed,Primary,01/09/1996,Kenilworth and Southam,130910,admin3590@welearn365.com,True,False,,True,
Shrubland Street Community Primary School,Community school,Open,Shrubland Street,,Leamington Spa,Warwickshire,CV31 2AR,www.shrublandstreetprimaryschool.co.uk/,1926426976.0,Mrs,Nicola,Mills,Headteacher,Does not apply,Mixed,Primary,01/09/1996,Warwick and Leamington,130951,,True,False,,True,
Outwoods Primary School,Community school,Open,Southlands,,Atherstone,Warwickshire,CV9 1EH,www.ops.warwickshire.sch.uk,1827712372.0,Mrs,Sally,Taylor,,Does not apply,Mixed,Primary,01/09/2010,North Warwickshire and Bedworth,136061,,False,True,Good,True,
Ashlawn School,Academy converter,Open,Ashlawn Road,Hillmorton,Rugby,Warwickshire,CV22 5ET,http://www.ashlawn.org.uk,1788573425.0,Mr,Paul,Brockwell,Headteacher,Does not apply,Mixed,Secondary,01/04/2011,Rugby,136587,7c3nglpp597uumt60dihjlqsbm@google.com,True,False,Good,True,
Rugby High School,Academy converter,Open,Longrood Road,,Rugby,Warwickshire,CV22 7RE,http://www.rugbyhighschool.co.uk,1788810518.0,Mr,Mark,Grady,Headteacher,,Girls,Secondary,01/04/2011,Rugby,136595,,False,False,Outstanding,False,
Alcester Grammar School,Academy converter,Open,Birmingham Road,,Alcester,Warwickshire,B49 5ED,http://www.alcestergs.co.uk/,1789762494.0,Ms,Rachel,Thorpe,Principal,,Mixed,Secondary,01/04/2011,Stratford-on-Avon,136622,,False,False,,False,
Studley High School,Academy converter,Open,Crooks Lane,,Studley,Warwickshire,B80 7QX,http://studleyhighschool.org.uk/,1527852478.0,Mr,Richard,Eost,Headteacher,,Mixed,Secondary,01/06/2011,Stratford-on-Avon,136786,9f8a19dd30004aeebaf478ab0a614a96@shiresmat.org.uk,True,False,Outstanding,True,
Myton School,Academy converter,Open,Myton Road,,Warwick,Warwickshire,CV34 6PJ,http://www.mytonschool.co.uk,1926493805.0,,Andrew,Perry,Headteacher,,Mixed,Secondary,01/07/2011,Warwick and Leamington,136907,,False,False,,False,
The Coleshill School,Academy converter,Open,Coventry Road,Coleshill,Birmingham,Warwickshire,B46 3EX,https://coleshill.warwickshire.sch.uk/,1675462435.0,Miss,Rebecca,Brindley,Headteacher,Does not apply,Mixed,Secondary,01/08/2011,North Warwickshire and Bedworth,136986,enquiries@thecoleshillschool.org.uk,True,False,Outstanding,True,Miss Rebecca Brindley
Henley In Arden School,Academy converter,Open,Stratford Road,,Henley-in-Arden,Warwickshire,B95 6AF,www.henleyschool.com,1564792364.0,Mr,Joseph,Roper,Headteacher,Does not apply,Mixed,Secondary,01/08/2011,Stratford-on-Avon,136991,,True,False,,True,
George Eliot Academy,Academy sponsor led,Open,Raveloe Drive,,Nuneaton,Warwickshire,CV11 4QP,https://www.georgeeliotacademy.org.uk,2476744000.0,Mrs,Homeira,Zakary,Principal,,Mixed,Secondary,01/09/2011,Nuneaton,137079,,False,False,,False,
Alcester Academy,Academy converter,Open,Gerard Road,,Alcester,Warwickshire,B49 6QQ,http://www.alcesteracademy.org.uk,1789762285.0,Mrs,Sarah,Mellors,Headteacher,Does not apply,Mixed,Secondary,01/08/2011,Stratford-on-Avon,137172,admin@alcesteracademy.org.uk,False,True,Outstanding,True,
Stratford Girls' Grammar School,Academy converter,Open,Shottery Manor,,Stratford-upon-Avon,Warwickshire,CV37 9HA,http://www.sggs.org.uk/,1789293759.0,Mrs,Jacqueline,Cornell,Headteacher,Does not apply,Girls,Secondary,01/08/2011,Stratford-on-Avon,137235,,False,False,Outstanding,False,
Stratford Upon Avon School,Academy converter,Open,Alcester Road,,Stratford-upon-Avon,Warwickshire,CV37 9DH,www.stratforduponavonschool.com,1789268051.0,Mr,Neil,Wallace,Headteacher,Does not apply,Mixed,Secondary,01/08/2011,Stratford-on-Avon,137236,,False,False,Good,True,
King Edward VI School,Academy converter,Open,Chapel Lane,,Stratford-upon-Avon,Warwickshire,CV37 6BE,http://www.kes.net,1789293351.0,Mr,Bennet,Carr,Headmaster,,Boys,Secondary,17/08/2011,Stratford-on-Avon,137302,office@kes.net,False,False,Outstanding,True,
The Priors School,Free schools,Open,School Lane,Priors Marston,Southam,Warwickshire,CV47 7RR,www.thepriorsschool.co.uk,1327260527.0,Mr,Ricky,Emms,Headteacher,,Mixed,Primary,01/09/2011,Kenilworth and Southam,137488,,False,False,,True,
Campion School,Academy converter,Open,Sydenham Drive,,Leamington Spa,Warwickshire,CV31 1QH,http://www.campion.warwickshire.sch.uk/,1926743200.0,Mr,Jassa,Panesar,Headteacher,Does not apply,Mixed,Secondary,01/01/2012,Warwick and Leamington,137766,,False,False,,True,
Higham Lane School,Academy converter,Open,Shanklin Drive,,Nuneaton,Warwickshire,CV10 0BJ,http://www.highamlaneschool.co.uk/,2476388123.0,Mr,Michael,Gannon,Headteacher,Does not apply,Mixed,Secondary,01/01/2012,Nuneaton,137767,contactus@highamlaneschool.co.uk,True,False,,False,
Aylesford School Warwick,Academy converter,Open,Tapping Way,,Warwick,Warwickshire,CV34 6XR,http://www.aylesfordschool.org.uk,1926747100.0,Mr,Peter,Gilbride,Headteacher,Does not apply,Mixed,All-through,01/01/2012,Warwick and Leamington,137770,office@aylesfordschool.org.uk,False,False,Outstanding,True,
Etone College,Academy converter,Open,Leicester Road,,Nuneaton,Warwickshire,CV11 6AA,http://www.etonecollege.co.uk,2476757300.0,Mr,Ian,Smith,Headteacher,Does not apply,Mixed,Secondary,01/01/2012,Nuneaton,137771,postbox@etonecollege.co.uk,True,False,Outstanding,True,
Henry Hinde Infant School,Academy converter,Open,Grenville Close,Bilton,Rugby,Warwickshire,CV22 7JQ,www.henryhindeinfantschool.co.uk,1788814848.0,Mrs,Fleur,Edwards,Headteacher,Does not apply,Mixed,Primary,01/04/2012,Rugby,137989,infantoffice@henryhinde.tlet.org.uk,True,True,,True,
The Market Bosworth School,Academy converter,Open,Station Road,Market Bosworth,Nuneaton,Warwickshire,CV13 0JT,www.tmbs.leics.sch.uk,1455290251.0,Mr,Stuart,Wilson,Principal,Does not apply,Mixed,Secondary,01/05/2012,Hinckley and Bosworth,138108,office@tmbs.org.uk,True,True,Outstanding,True,
Race Leys Junior School,Academy sponsor led,Open,Barton Road,,Bedworth,Warwickshire,CV12 8HG,www.raceleys-gst.org/,2476490644.0,Mrs,Sue-Ellen,Lamb,Executive Headteacher,,Mixed,Primary,01/09/2012,North Warwickshire and Bedworth,138431,admin2615@welearn365.com,False,False,,True,
Shipston High School,Academy converter,Open,Darlingscote Road,,Shipston-on-Stour,Warwickshire,CV36 4DY,www.shipstonhigh.co.uk,1608661833.0,Headteacher,Gavin,Saunders,Headteacher,Does not apply,Mixed,Secondary,01/09/2012,Stratford-on-Avon,138767,info@shipstonhigh.co.uk,True,True,Outstanding,True,
Tanworth-in-Arden CofE Primary School,Academy converter,Open,The Green,Tanworth-in-Arden,Solihull,Warwickshire,B94 5AJ,www.tanworthschool.co.uk,1564742284.0,Mrs,Shelley,Bamford,Headteacher,Church of England,Mixed,Primary,01/11/2012,Stratford-on-Avon,138909,,True,True,Good,True,Mrs Victoria Ganderton
Riverside Academy,Academy sponsor led,Open,Newbold Road,Newbold-on-Avon,Rugby,Warwickshire,CV21 1EH,www.riversideacademy.co.uk/,1788544096.0,Mrs,Rebecca,Payne,,,Mixed,Primary,01/11/2012,Rugby,138914,,False,False,Outstanding,False,
Oakfield Primary Academy,Academy sponsor led,Open,Oakfield Road,,Rugby,Warwickshire,CV22 6AU,www.oakfieldprimaryacademy.co.uk,1788565021.0,Mrs,Natasha,Samra,Head Teacher,,Mixed,Primary,01/11/2012,Rugby,138915,example@gmail.com,True,True,,True,
St Peter's Church of England Primary Academy,Academy converter,Open,Station Road,Market Bosworth,Nuneaton,Warwickshire,CV13 0NP,www.stpeterscofemb.co.uk,1455290741.0,,Emily,Holt,Headteacher,Church of England,Mixed,Primary,01/12/2012,Hinckley and Bosworth,139098,office@stpetersmb.embracemat.org,True,False,Outstanding,True,
Oak Wood Primary School,Academy special converter,Open,Morris Drive,,Nuneaton,Warwickshire,CV11 4QH,www.oakwoodschools.co.uk,2476740907.0,Mr,Neil,Wilson,Headteacher,Does not apply,Mixed,Not applicable,01/04/2013,Nuneaton,139468,admin7002@oakwoodschools.co.uk,False,False,,False,
Oak Wood Secondary School,Academy special converter,Open,Morris Drive,,Nuneaton,Warwickshire,CV11 4QH,www.oakwoodschools.co.uk,2476740901.0,Mrs,Suzanne,Whiston,Headteacher,Does not apply,Mixed,Not applicable,01/04/2013,Nuneaton,139469,admin7002@oakwoodschools.co.uk,False,False,,False,
St Nicholas CofE Primary,Academy converter,Open,St Faith's Road,,Alcester,Warwickshire,B49 6AG,www.alcesterstnicholas.co.uk/,1789762578.0,Mrs,Laura,Newell,Headteacher,Church of England,Mixed,Primary,01/04/2013,Stratford-on-Avon,139518,,True,True,,True,
Nicholas Chamberlaine School,Academy sponsor led,Open,Bulkington Road,,Bedworth,Warwickshire,CV12 9EA,https://nicholaschamberlaine-gst.org/,2476312308.0,Mrs,Alison,Ramsay,,Does not apply,Mixed,Secondary,01/09/2013,North Warwickshire and Bedworth,139936,enquiries@nicholaschamberlaine.co.uk,False,True,,True,
The Queen Elizabeth Academy,Academy sponsor led,Open,Witherley Road,,Atherstone,Warwickshire,CV9 1LZ,http://tqea.attrust.org.uk/,1827712477.0,Mr,Neil,Harding,,,Mixed,Secondary,01/09/2014,North Warwickshire and Bedworth,139937,TQE-Info@attrust.org.uk,True,False,Outstanding,True,Dr Jacky Chambers
Park Lane Primary School,Academy sponsor led,Open,Park Lane,,Nuneaton,Warwickshire,CV10 8NL,https://parklane-gst.org/,2476382924.0,Miss,Alex,Ladbury,,Does not apply,Mixed,Primary,01/11/2013,Nuneaton,140004,admin2636@welearn365.com,False,False,,True,
Austrey CofE Primary School,Academy converter,Open,St Nicholas Close,Austrey,Atherstone,Warwickshire,CV9 3EQ,austrey.bdmat.org.uk,1827830248.0,Mrs,Sara,Eley,Headteacher,Church of England,Mixed,Primary,01/09/2013,North Warwickshire and Bedworth,140125,,False,False,,False,
Cawston Grange Primary School,Academy converter,Open,Scholars Drive,Cawston,Rugby,Warwickshire,CV22 7GU,http://www.cawstongrangeprimary.com/,1788816820.0,Mrs,Kate,Worthington,Headteacher,Does not apply,Mixed,Primary,01/09/2013,Rugby,140127,admin3594@welearn365.com,True,False,,True,
Henley-In-Arden CofE Primary School,Academy converter,Open,Arden Road,,Henley-in-Arden,Warwickshire,B95 5FT,www.henleyinardenprimary.org.uk/,1564792766.0,Mrs,Kate,Adcock,Executive Head Teacher,Church of England,Mixed,Primary,01/09/2013,Stratford-on-Avon,140135,,True,True,,True,
Woodside CofE Primary School,Academy converter,Open,Maypole Lane,Grendon,Atherstone,Warwickshire,CV9 2BS,www.woodside-ce-school.co.uk/,1827715507.0,Mrs,Natasha,Johnson,Headteacher,Church of England,Mixed,Primary,01/09/2013,North Warwickshire and Bedworth,140153,,False,False,,False,
Racemeadow Primary Academy,Academy sponsor led,Open,Ratcliffe Road,,Atherstone,Warwickshire,CV9 1LT,www.racemeadow.co.uk,1827713284.0,Mrs,Joanna,Collinson,Headteacher,Does not apply,Mixed,Primary,01/11/2013,North Warwickshire and Bedworth,140198,,True,True,Good,True,
Harris Church of England Academy,Academy sponsor led,Open,Harris Drive,Overslade Lane,Rugby,Warwickshire,CV22 6EA,http://www.harris.covmat.org,1788812549.0,Mrs,Roberta,Harrison,Headteacher,Church of England,Mixed,Secondary,01/01/2014,Rugby,140371,office@harris.covmat.org,True,True,Good,True,"Mr Gavin Collins, Ms Mell Keenan, Mr John Naylor"
Henry Hinde Junior School,Academy sponsor led,Open,Cornwallis Road,Bilton,Rugby,Warwickshire,CV22 7HN,www.henryhindejunior.co.uk,1788811392.0,Mrs,Fleur,Edwards,Executive Headteacher,Does not apply,Mixed,Primary,01/01/2014,Rugby,140372,Junioroffice@henryhinde.tlet.org.uk,True,True,Good,True,
Wood End Primary School,Academy sponsor led,Open,Wood Street,Wood End,Atherstone,Warwickshire,CV9 2QL,www.wood-end-primaryschool.co.uk,1827872237.0,Mrs,Moira,Cross,Executive Headteacher,Does not apply,Mixed,Primary,01/01/2014,North Warwickshire and Bedworth,140418,admin2023@welearn365.com,False,False,Outstanding,True,
Queen's Church of England Academy,Academy sponsor led,Open,Bentley Road,,Nuneaton,Warwickshire,CV11 5LR,http://www.queens.covmat.org/,2476382906.0,Mrs,Hannah,Carvell,,Church of England,Mixed,Primary,01/01/2014,Nuneaton,140419,school.office@queens.covmat.org,True,True,,True,
"Tudor Grange Primary Academy, Haselor",Academy converter,Open,Haselor,,Alcester,Warwickshire,B49 6LU,http://www.haselor.tgacademy.org.uk,1789488211.0,Mrs,Gail,Duxbury,Principal,,Mixed,Primary,01/01/2014,Stratford-on-Avon,140530,,False,False,,False,
Discovery Academy,Academy special sponsor led,Open,Vernons Lane,,Nuneaton,Warwickshire,CV11 5SS,https://www.thediscoveryacademy.org/,2477103370.0,Mr,Tony,Leigh,,,Mixed,Not applicable,01/09/2015,Nuneaton,140654,,False,False,,False,
St James' CofE Academy,Academy sponsor led,Open,Barbridge Road,Bulkington,Bedworth,Warwickshire,CV12 9PF,www.stjames.covmat.org,2476313227.0,Mrs,Jane,Cook,,Church of England,Mixed,Primary,01/04/2014,Rugby,140694,school.office@stjames.covmat.org,True,True,Good,True,"Mrs Jane Cook, Mr Scott Clark"
Barlestone Church of England Primary School,Academy sponsor led,Open,Barton Road,Barlestone,Nuneaton,Warwickshire,CV13 0EP,www.barlestoneprimaryschool.co.uk,1455290511.0,Mrs,Claire,Murray,,Church of England,Mixed,Primary,01/06/2014,Hinckley and Bosworth,140850,,False,False,Good,True,
St Nicolas CofE Academy,Academy converter,Open,Windermere Avenue,,Nuneaton,Warwickshire,CV11 6HJ,www.stnicolas.covmat.org,2476382583.0,Mr,Ian,Meikle,Headteacher,Church of England,Mixed,Primary,01/05/2014,Nuneaton,140878,,False,False,,True,
Studley St Mary's CofE Academy,Academy sponsor led,Open,New Road,,Studley,Warwickshire,B80 7ND,http://www.studleystmarys.covmat.org,1527852153.0,Mrs,Rebecca,Gordon,,Church of England,Mixed,Primary,01/07/2014,Stratford-on-Avon,141000,school.office@studleystmarys.covmat.org,True,True,,True,
Barby Church of England Primary School,Academy converter,Open,Daventry Road,Barby,Rugby,Warwickshire,CV23 8TR,www.barbyceprimary.org.uk,1788890677.0,Mrs,Suman,Bedi,Headteacher,Church of England,Mixed,Primary,01/07/2014,Daventry,141044,office@barby.pdet.org.uk,True,False,,True,
Kilsby Church of England Primary School,Academy converter,Open,Manor Road,Kilsby,Rugby,Warwickshire,CV23 8XS,www.kilsbyprimary.net/,1788822711.0,Mrs,Georgina,Sensecall,Headteacher,Church of England,Mixed,Primary,01/07/2014,Daventry,141079,,False,False,,False,
Budbrooke Primary School,Academy sponsor led,Open,Styles Close,Hampton Magna,Warwick,Warwickshire,CV35 8TP,www.budbrooke.warwickshire.sch.uk/,1926492045.0,Mrs,Lisa,Hopkins,,Does not apply,Mixed,Primary,01/10/2014,Kenilworth and Southam,141244,admin2033@welearn365.com,True,False,Good,True,
Lawrence Sheriff School,Academy converter,Open,Clifton Road,,Rugby,Warwickshire,CV21 3AG,http://www.lawrencesheriffschool.net/,1788843700.0,Mrs,Teresa,Mpofu,Headmaster,,Boys,Secondary,01/09/2014,Rugby,141277,,True,False,Good,True,
Acorns Primary School,Academy converter,Open,School Close,Long Compton,Shipston-on-Stour,Warwickshire,CV36 5LA,www.acornsprimary.co.uk/,1608684654.0,Mrs,Hannah,Young,Executive Headteacher,Does not apply,Mixed,Primary,01/09/2014,Stratford-on-Avon,141280,admin2639@welearn365.com,True,False,,True,
Shipston-on-Stour Primary School,Academy converter,Open,Station Road,,Shipston-on-Stour,Warwickshire,CV36 4BT,http://www.shipston.warwickshire.sch.uk,1608661266.0,,Glyn,Roberts,Headteacher,,Mixed,Primary,01/09/2014,Stratford-on-Avon,141281,,False,False,,True,
Higham-on-the-Hill Church of England Primary School,Academy converter,Open,Main Street,Higham-on-the-Hill,Nuneaton,Warwickshire,CV13 6AJ,www.leicestershire.schooljotter.com/,1455212294.0,Mrs,Rebecca,Dolby-Molson,Headteacher,Church of England,Mixed,Primary,01/10/2014,Hinckley and Bosworth,141468,,False,False,,False,
St Anne's Catholic Academy,Academy sponsor led,Open,Camp Hill Drive,,Nuneaton,Warwickshire,CV10 0JX,www.stannesnuneaton.co.uk/,2476392877.0,Miss,Tracey,Gillin,,Roman Catholic,Mixed,Primary,01/03/2015,Nuneaton,141747,reportanissuestannes@welearn365.com,True,False,Outstanding,True,
St Benedict's Catholic Primary Academy,Academy converter,Open,Church Walk,,Atherstone,Warwickshire,CV9 1PS,www.stbenedictsonline.co.uk/,1827712320.0,Mrs,Paula,Parker,Headteacher,Roman Catholic,Mixed,Primary,01/03/2015,North Warwickshire and Bedworth,141812,reportanissuestbens@welearn365.com,True,False,Outstanding,True,
St Francis Catholic Academy,Academy converter,Open,Rye Piece Ringway,,Bedworth,Warwickshire,CV12 8JN,http://www.stfranciscatholicprimary.co.uk,2476315279.0,Mrs,Sarah,Hubbard,Headteacher,Roman Catholic,Mixed,Primary,01/03/2015,North Warwickshire and Bedworth,141817,reportanissuestf@welearn.365.com,True,False,Outstanding,True,
Our Lady & St. Joseph Catholic Academy,Academy converter,Open,Riversley Park,Coton Road,Nuneaton,Warwickshire,CV11 5TY,https://www.olstjacademy.co.uk/,2476383807.0,,Sara,Chapman,Headteacher,Roman Catholic,Mixed,Primary,01/03/2015,Nuneaton,141823,reportanissue.olstj@welearn365.com,True,False,Outstanding,True,
St Thomas More Catholic School and Sixth Form College,Academy converter,Open,Greenmoor Road,,Nuneaton,Warwickshire,CV10 7EX,http://www.st-thomas-more.net/,2476642400.0,Mrs,Leearna,Thomas,Headteacher,Roman Catholic,Mixed,Secondary,01/03/2015,Nuneaton,141836,reportanissue@st-thomas-more.net,True,False,Outstanding,True,
Woodloes Primary School,Academy converter,Open,Deansway,Woodloes Park Estate,Warwick,Warwickshire,CV34 5DF,www.woodloes.com/,1926497491.0,Mrs,Sharon,Byrne,,Does not apply,Mixed,Primary,01/03/2015,Warwick and Leamington,141855,admin5207@welearn365.com,True,False,Good,True,
Rugby Free Primary School,Free schools,Open,Bailey Road,Central Park,Rugby,Warwickshire,CV23 0PD,www.rugbyfreeprimary.co.uk,1788222088.0,Miss,Rebecca,Butters,Headteacher,,Mixed,Primary,01/09/2015,Rugby,141936,office@rugbyfreeprimary.co.uk,True,False,Good,True,
St Michael's Church of England Academy,Academy sponsor led,Open,Hazel Grove,,Bedworth,Warwickshire,CV12 9DA,http://www.stmichaels.covmat.org/,2476313204.0,Mr,Chris,Errington,,Church of England,Mixed,Primary,01/07/2015,North Warwickshire and Bedworth,142021,school.Office@stmichaels.covmat.org,True,True,Outstanding,True,
St Oswald's CofE Academy,Academy sponsor led,Open,Addison Road,,Rugby,Warwickshire,CV22 7DJ,http://www.stoswalds.covmat.org,1788543882.0,,Michelle,Cuskelly,Headteacher,Church of England,Mixed,Primary,01/07/2015,Rugby,142022,school.office@stoswalds.covmat.org,False,False,,True,"Mrs Jayne Geran, Mr Craig Hugill, Miss Emily Stafford"
Leamington Hastings Church of England Academy,Academy converter,Open,"Birdingbury Road,  Hill",Leamington Hastings,Rugby,Warwickshire,CV23 8EA,www.leamingtonhastings.covmat.org,1926632359.0,Mrs,Suzanne,Marson,Executive Headteacher,Church of England,Mixed,Primary,01/09/2015,Kenilworth and Southam,142149,,False,False,,False,
North Leamington School,Academy converter,Open,Sandy Lane,Blackdown,Leamington Spa,Warwickshire,CV32 6RD,http://www.northleamington.co.uk,1926338711.0,Mr,Mike,Lowdell,Headteacher,Does not apply,Mixed,Secondary,01/11/2016,Warwick and Leamington,142202,,False,False,,True,
Stratford-Upon-Avon Primary School,Academy sponsor led,Open,Broad Street,,Stratford-upon-Avon,Warwickshire,CV37 6HN,www.stratfordprimary.co.uk,1789293201.0,Mrs,Gillian,Humphriss,,Does not apply,Mixed,Primary,01/03/2016,Stratford-on-Avon,142581,admin2042@welearn365.com,True,False,Outstanding,True,
Rugby Free Secondary School,Free schools,Open,Anderson Avenue,,Rugby,Warwickshire,CV22 5PE,https://www.rugbyfreesecondary.co.uk/,1788222060.0,Mr,Iain,Green,,,Mixed,Secondary,05/09/2016,Rugby,142881,info@rugbyfreesecondary.co.uk,True,False,,True,
Stockton Primary School,Academy converter,Open,School Street,Stockton,Southam,Warwickshire,CV47 8JE,www.stocktonprimaryschool.com,1926812483.0,Mrs,Anne,Bedgood,Headteacher,Does not apply,Mixed,Primary,01/02/2018,Kenilworth and Southam,143497,stocktonprimary@stowevalley.com,True,False,Good,True,
St Mary's Catholic Primary School,Academy converter,Open,Arden Road,,Henley-in-Arden,Warwickshire,B95 5LT,http://www.stmaryshenley.warwickshire.sch.uk,1564792316.0,Mrs,Alice,Â Wilson,Executive Headteacher,Roman Catholic,Mixed,Primary,01/04/2017,Stratford-on-Avon,143631,smh-office@smh.magnificat.org.uk,False,False,,True,
Our Lady's Catholic Primary School,Academy converter,Open,St Faith's Road,,Alcester,Warwickshire,B49 6AG,https://www.ola.magnificat.org.uk/,1789762555.0,Mrs,Claire,Williams,Headteacher,Roman Catholic,Mixed,Primary,01/04/2017,Stratford-on-Avon,143632,ola-office@ola.magnificat.org.uk,False,False,,True,
St Gregory's Catholic Primary School,Academy converter,Open,Avenue Road,,Stratford-upon-Avon,Warwickshire,CV37 6UZ,https://www.stg.magnificat.org.uk/,1789204517.0,Miss,Laura,Cole,Headteacher,Roman Catholic,Mixed,Primary,01/04/2017,Stratford-on-Avon,143633,stg-admin@stg.magnificat.org.uk,False,False,Good,True,
St Benedict's Catholic High School,Academy converter,Open,Kinwarton Road,,Alcester,Warwickshire,B49 6PX,www.sbe.magnificat.org.uk,1789762888.0,Ms,Claire,Paddock,Headteacher,Roman Catholic,Mixed,Secondary,01/04/2017,Stratford-on-Avon,143634,speakup@sbe.magnificat.org.uk,False,False,Good,True,
Houlton School,Free schools,Open,Signal Drive,Houlton,RUGBY,Warwickshire,CV23 1ED,www.houltonschool.org.uk,1788593300.0,Mr,Michael,McCulley,,,Mixed,Secondary,01/09/2021,Rugby,143707,hello@houlton.tlet.org.uk,True,False,Outstanding,True,
Southam College,Academy converter,Open,Welsh Road West,,Southam,Warwickshire,CV47 0JW,http://www.southamcollege.com/,1926812560.0,Headteacher,Mel,Mason,Headteacher,Does not apply,Mixed,Secondary,01/04/2017,Kenilworth and Southam,143905,logo@2x.png,True,False,Outstanding,True,
Southam Primary School,Academy converter,Open,St James Road,,Southam,Warwickshire,CV47 0QB,www.southamprimary.com/,1926812520.0,,Emma,Longworth,Headteacher,Does not apply,Mixed,Primary,01/03/2018,Kenilworth and Southam,143906,southamprimary@stowevalley.com,True,False,,True,
St Gabriel's CofE Academy,Free schools,Open,Houlton Way,Houlton,Rugby,Warwickshire,CV23 1AN,www.stgabrielshoulton.org.uk,1788222405.0,Mr,Andrew,Taylor,,Church of England,Mixed,Primary,03/09/2018,Rugby,144071,office@stgabrielscofeacademy.org,True,False,,True,
"St Margaret's Church of England Primary School, Stoke Golding",Academy converter,Open,High Street,Stoke Golding,Nuneaton,Warwickshire,CV13 6HE,https://st-margarets-coe-primary-school.secure-primarysite.net/,1455212393.0,Mr,Adam,Watson,Headteacher,Church of England,Mixed,Primary,01/07/2017,Hinckley and Bosworth,144112,,False,False,,False,
Bishops Itchington Primary School,Academy converter,Open,Ladbroke Road,Bishops Itchington,Southam,Warwickshire,CV47 2RN,http://www.bishopsitchington.com/,1926612297.0,Mrs,Jacky,Sykes,Headteacher,Does not apply,Mixed,Primary,01/07/2018,Kenilworth and Southam,144242,bishopsitchington@stowevalley.com,True,False,,True,
Venture Academy,Academy special sponsor led,Open,Stratford Road,,Henley-in-Arden,Warwickshire,B95 6AD,https://www.ventureacademy.org.uk/,1564792514.0,Mr,James,Bowater,,Does not apply,Mixed,Not applicable,01/05/2018,Stratford-on-Avon,144633,admin.venture@macintyreacademies.org,False,False,,True,
Heathcote Primary School,Free schools,Open,Vickers Way,Heathcote,Warwick,Warwickshire,CV34 7AP,www.heathcoteprimaryschool.co.uk,1926290330.0,Mrs,Stephanie,Rowett,,,Mixed,Primary,01/09/2017,Warwick and Leamington,144648,admin2056@welearn365.com,True,False,Good,True,
Quest Academy,Free schools special,Open,Anderson Avenue,,Rugby,Warwickshire,CV22 5PE,www.thequestacademy.org,1788593112.0,Ms,Laura,Thackaberry,,,Mixed,Not applicable,01/09/2017,Rugby,144764,quest.office@macintyreacademies.org,True,False,,False,
King Edward VI College,Academy 16-19 converter,Open,King Edward Road,,Nuneaton,Warwickshire,CV11 4BE,www.ke6n.ac.uk,2476328231.0,Mr,Stuart,Noss,,Does not apply,Mixed,16 plus,01/01/2019,Nuneaton,145174,enquiries@ke6n.ac.uk,False,False,,False,
Brooke School,Academy special converter,Open,Overslade Lane,,Rugby,Warwickshire,CV22 6DY,http://www.brookeschool.co.uk,1788812324.0,Mr,Greg,Williams,Headteacher,Does not apply,Mixed,Not applicable,01/12/2017,Rugby,145200,example@gmail.com,True,False,,False,
Burton Green Church of England Academy,Academy converter,Open,Hob Lane,Burton Green,Leek Wootton,Warwickshire,CV8 1QB,www.burtongreen.covmat.org,2476464130.0,Mr,Chris,Errington,Headteacher,Church of England,Mixed,Primary,01/03/2018,Kenilworth and Southam,145391,Bgp.Office@Greenleek.covmat.org,True,True,,True,"Miss Stella Villiers, Mrs Nik Wright, Mr Andy Moseley"
All Saints Church of England Academy,Academy converter,Open,Warwick Road,Leek Wootton,Warwick,Warwickshire,CV35 7QR,http://www.allsaints-leekwootton.covmat.org,1926400498.0,Mrs,Helen,Rose,Headteacher,Church of England,Mixed,Primary,01/03/2018,Kenilworth and Southam,145392,asl.office@greenleek.covmat.org,True,True,,True,"Mrs Maureen Greyson, Mrs Maureen Greyson, Mrs Maureen Greyson"
Rokeby Primary School,Academy converter,Open,Anderson Avenue,,Rugby,Warwickshire,CV22 5PE,http://www.rokebyprimaryschool.co.uk/,1788814399.0,Mrs,Victoria,Allan,Acting Headteacher,Does not apply,Mixed,Primary,01/01/2019,Rugby,145393,rokebyprimary@stowevalley.com,True,True,,True,
Welcombe Hills School,Academy special converter,Open,Blue Cap Road,,Stratford-upon-Avon,Warwickshire,CV37 6TQ,https://www.welcombe-hills.co.uk/,1789266845.0,Ms,Vikki,King,Headteacher,Does not apply,Mixed,Not applicable,01/05/2018,Stratford-on-Avon,145486,,False,False,,False,
Bilton School,Academy sponsor led,Open,Lawford Lane,,Rugby,Warwickshire,CV22 7JT,https://www.biltonschool.co.uk/,1788840600.0,Miss,Jayne,Delves,,,Mixed,Secondary,01/04/2017,Rugby,145575,biltonschool@stowevalley.com,True,False,,True,
Coughton CofE Primary School,Academy converter,Open,Coughton Lane,Coughton,Alcester,Warwickshire,B49 5HN,http://www.coughtonschool.org,1789762444.0,Mr,Alex,Kolb,Headteacher,Church of England,Mixed,Primary,01/04/2018,Stratford-on-Avon,145711,admin3021@welearn365.com,True,True,,True,
Temple Grafton CofE Primary School,Academy converter,Open,Temple Grafton,Church Bank,Alcester,Warwickshire,B49 6NU,www.tgschool.co.uk/,1789772384.0,Mrs,Tara,Yorke,Headteacher,Church of England,Mixed,Primary,01/04/2018,Stratford-on-Avon,145712,,True,False,,True,
Long Itchington CofE Academy,Academy converter,Open,Stockton Road,Long Itchington,Southam,Warwickshire,CV47 9QP,www.longitchington.covmat.org,1926814819.0,,Rebecca,Richards,Headteacher,Church of England,Mixed,Primary,01/10/2018,Kenilworth and Southam,146149,school.office@longitchington.covmat.org,True,True,Good,True,"Mrs Alice Moss, Miss Megan Russell, Miss Jennie Hopkins"
Southam St James CofE Academy,Academy converter,Open,Tollgate Road,,Southam,Warwickshire,CV47 1EE,www.southamstjames.covmat.org,1926812127.0,,Laura,Richards,Executive Headteacher,Church of England,Mixed,Primary,01/10/2018,Kenilworth and Southam,146151,school.office@southamstjames.covmat.org,True,True,,True,"Miss Laura Richards, Mrs Neerun Hothi, Mrs Neerun Hothi"
Keresley Newland Primary Academy,Academy sponsor led,Open,Grove Lane,Keresley End,Coventry,Warwickshire,CV7 8JZ,www.knpa.co.uk,2476332434.0,Mrs,Nicola,Penlington,,,Mixed,Primary,01/12/2018,North Warwickshire and Bedworth,146199,,True,False,Good,True,
Temple Herdewyke Primary School,Academy converter,Open,Falkland Place,Temple Herdewyke,Southam,Warwickshire,CV47 2UD,www.templeherdewykeprimary.co.uk/,1926641316.0,Mr,David,Hibbert,Headteacher,Does not apply,Mixed,Primary,01/02/2019,Kenilworth and Southam,146691,templeherdewyke@stowevalley.com,True,False,,True,
Lower Farm Academy,Free schools,Open,Milking Lane,,Nuneaton,Warwickshire,CV10 0FG,http://lowerfarmacademy.org/,2475267760.0,Mr,Andrew,How,,,Mixed,Primary,02/09/2019,Nuneaton,147078,,True,False,,True,
Stockingford Academy,Academy sponsor led,Open,Cross Street,,Nuneaton,Warwickshire,CV10 8JH,,2476382277.0,Mrs,Gillian,Bowser,,Does not apply,Mixed,Primary,01/09/2019,Nuneaton,147164,,,,,False,
Kineton High School,Academy converter,Open,Banbury Road,Kineton,Warwick,Warwickshire,CV35 0JX,http://www.kinetonhighschool.org.uk,1926640465.0,Ms,Helen,Bridge,Headteacher,Does not apply,Mixed,Secondary,01/09/2019,Kenilworth and Southam,147432,,True,False,,True,
Lillington Primary School,Academy sponsor led,Open,Cubbington Road,Lillington,Leamington Spa,Warwickshire,CV32 7AG,http://www.lillingtonprimary.com,1926425114.0,Miss,Amie,Norcliffe,,Does not apply,Mixed,Primary,01/01/2021,Warwick and Leamington,147642,,False,False,,True,
St Edward's Catholic Primary School,Academy converter,Open,Packington Lane,Coleshill,Birmingham,Warwickshire,B46 3JE,www.stedwardsrcprimary.co.uk,1675463249.0,Mrs,Louise,Flanagan,Headteacher,Roman Catholic,Mixed,Primary,01/04/2021,North Warwickshire and Bedworth,148125,,False,False,Good,True,
All Saints Bedworth CofE Academy,Academy converter,Open,The Priors,Off Mitchell Road,Bedworth,Warwickshire,CV12 9HP,https://www.allsaintsbedworth.covmat.org/,2476313387.0,Mrs,Kerry,O'Grady,Headteacher,Church of England,Mixed,Primary,01/02/2021,North Warwickshire and Bedworth,148319,school.office@allsaintsbedworth.covmat.org,True,True,,True,
Trinity Catholic School,Academy converter,Open,Guy's Cliffe Avenue,,Leamington Spa,Warwickshire,CV32 6NB,http://www.trinity-school.org.uk/,1926428416.0,Ms,Samirah,Roberts,Principal,Roman Catholic,Mixed,Secondary,01/01/2021,Warwick and Leamington,148362,safeguarding@tcs.magnificat.org.uk,False,False,Good,True,
Studley Infants' School,Academy converter,Open,High Street,,Studley,Warwickshire,B80 7HJ,www.studleyinfants.co.uk/,1527852491.0,,Beccy,Merritt,Headteacher,Does not apply,Mixed,Primary,01/04/2021,Stratford-on-Avon,148511,,True,True,,True,
Tysoe CofE Primary School,Academy converter,Open,School Lane,Tysoe,Warwick,Warwickshire,CV35 0SD,www.tysoe.warwickshire.sch.uk/,1295680244.0,Ms,Paige,Allister,Executive Headteacher,Church of England,Mixed,Primary,01/04/2021,Kenilworth and Southam,148512,,False,False,,False,
Wellesbourne CofE Primary School,Academy converter,Open,Mountford Close,Wellesbourne,Warwick,Warwickshire,CV35 9QG,http://www.wellesbourneceprimary.co.uk,1789840311.0,Mr,Tim,Hewitt,Headteacher,Church of England,Mixed,Primary,01/04/2021,Kenilworth and Southam,148513,,False,False,,False,
The Ferncumbe CofE Primary School,Academy converter,Open,The Green,Hatton,Warwick,Warwickshire,CV35 7EX,https://www.ferncumbefamily.co.uk/,1926484318.0,Miss,Sally,Morris,Headteacher,Church of England,Mixed,Primary,01/04/2021,Kenilworth and Southam,148515,user@domain.com,True,True,Outstanding,True,
Brailes Church of England Primary School,Academy converter,Open,Lower Brailes,,Banbury,Warwickshire,OX15 5AP,www.brailescofeprimary.org.uk,1608685253.0,Mrs,Heather,Childs,Headteacher,Church of England,Mixed,Primary,01/08/2021,Stratford-on-Avon,148676,admin3014@welearn365.com,True,False,,True,
Moreton Morrell CofE Primary School,Academy converter,Open,Moreton Morrell,,Warwick,Warwickshire,CV35 9AN,www.moretonmorrell.warwickshire.sch.uk/,1926651355.0,Mrs,Sarah,Eadon,Headteacher,Church of England,Mixed,Primary,01/03/2023,Kenilworth and Southam,148955,,False,False,,False,
Camp Hill Primary School,Academy converter,Open,Holly Stitches Road,,Nuneaton,Warwickshire,CV10 9QA,www.camphillprimary.co.uk/,2476383230.0,Miss,Rachel,Whittingham,Headteacher,Does not apply,Mixed,Primary,01/03/2022,Nuneaton,148956,admin2640@welearn365.com,False,False,,True,
Kineton Church of England Primary School,Academy converter,Open,King John's Road,Kineton,Warwick,Warwickshire,CV35 0HS,http://www.kinetonprimaryschool.org.uk,1926640397.0,Mrs,Margaret,Pollard,Headteacher,Church of England,Mixed,Primary,01/07/2022,Kenilworth and Southam,149167,,False,False,,True,
Dove Bank Primary School,Academy converter,Open,Bagworth Road,Nailstone,Nuneaton,Warwickshire,CV13 0QJ,www.dovebankprimary.co.uk/,1530262371.0,Mrs,Andrea,Fletcher,Headteacher,Does not apply,Mixed,Primary,01/09/2022,Hinckley and Bosworth,149270,office@dovebank.org.uk,True,False,,True,
Harbury CofE Primary School,Academy converter,Open,Mill Street,Harbury,Leamington Spa,Warwickshire,CV33 9HR,http://www.harburyschool.com/,1926612656.0,Mrs,Lucy,Bosley,Headteacher,Church of England,Mixed,Primary,01/09/2022,Kenilworth and Southam,149291,,False,False,,False,
English Martyrs Catholic Primary School,Academy converter,Open,High Street,Hillmorton,Rugby,Warwickshire,CV21 4EE,www.emc.magnificat.org.uk,1788543423.0,Mrs,Charlotte,Miller,Headteacher,Roman Catholic,Mixed,Primary,01/09/2022,Rugby,149303,office@emc.magnificat.org.uk,False,False,,True,
Newbold and Tredington CofE Primary School,Academy converter,Open,Manor Farm Road,Tredington,Shipston-on-Stour,Warwickshire,CV36 4NZ,www.newboldtredington.warwickshire.sch.uk/,1608661568.0,Mrs,Samantha,Welsby,Headteacher,Church of England,Mixed,Primary,01/11/2022,Stratford-on-Avon,149306,,False,False,Good,False,
Our Lady and St Teresa's Catholic Primary School,Academy converter,Open,Windmill Hill,Cubbington,Leamington Spa,Warwickshire,CV32 7LN,http://www.ourladyandstteresasprimaryschool.com,1926424420.0,Mr,Matthew,Pettle,Headteacher,Roman Catholic,Mixed,Primary,01/09/2022,Kenilworth and Southam,149308,,False,False,,False,
St Augustine's Catholic Primary School,Academy converter,Open,Hollis Lane,,Kenilworth,Warwickshire,CV8 2JY,https://www.aug.magnificat.org.uk/,1926852943.0,Mrs,Helen,Williams,Headteacher,Roman Catholic,Mixed,Primary,01/09/2022,Kenilworth and Southam,149310,office@aug.magnificat.org.uk,False,False,,True,
St Marie's Catholic Primary School,Academy converter,Open,Merttens Drive,,Rugby,Warwickshire,CV22 7AF,www.st-maries.com/,1788543636.0,Mr,Kieran,Johnston,,Roman Catholic,Mixed,Primary,01/09/2022,Rugby,149315,,False,False,,True,
St Mary's Catholic Primary School,Academy converter,Open,Pool Road,,Studley,Warwickshire,B80 7QU,http://www.stmarysrcstudley.co.uk/,1527852140.0,Mrs,Heather,Cowell,Headteacher,Roman Catholic,Mixed,Primary,01/09/2022,Stratford-on-Avon,149316,,False,False,,False,
Ryton-On-Dunsmore Provost Williams Church of England Academy,Academy converter,Open,Sodens Avenue,Ryton-on-Dunsmore,Coventry,Warwickshire,CV8 3FF,www.provostwilliams.warwickshire.sch.uk,2476302166.0,Ms,Sherrise,Cullen,Headteacher,Church of England,Mixed,Primary,01/09/2023,Kenilworth and Southam,149518,,False,False,,False,
Oakley School,Free schools,Open,"Quercus Way, Oakley Wood Road",,Bishops Tachbrook,Warwickshire,CV33 9QE,https://oakley-school.com/,1926290646.0,Mrs,Sarah,Kaye,,,Mixed,All-through,01/09/2023,Warwick and Leamington,149717,oakleyschool@stowevalley.com,True,False,Good,False,
Dunchurch Boughton Church of England Junior Academy,Academy converter,Open,Dew Close,Dunchurch,Rugby,Warwickshire,CV22 6NE,https://www.dunchurchjunior.covmat.org/,1788811028.0,Headteacher,Lynn,Lee,Interim Headteacher,Church of England,Mixed,Primary,01/09/2023,Kenilworth and Southam,149772,office.juniors@dunchurch.covmat.org,True,True,,True,
Dunchurch Boughton Church of England Infant Academy and Nursery,Academy converter,Open,School Street,Dunchurch,Rugby,Warwickshire,CV22 6PA,www.dunchurchinfantschoolandnursery.co.uk/,1788810292.0,,Suzanne,Marson,Headteacher,Church of England,Mixed,Primary,01/09/2023,Kenilworth and Southam,149773,,False,False,,False,
The Griffin Primary School,Free schools,Open,Lower Lodge Avenue,,Rugby,Warwickshire,CV21 1NU,https://www.thegriffinprimary.uk/,1788249115.0,Mrs,Alison,Hine,,,Mixed,Primary,01/09/2023,Rugby,149781,,False,False,,True,
Telford Junior School,Academy converter,Open,Telford Avenue,Lillington,Leamington Spa,Warwickshire,CV32 7HP,www.telfordjuniorschool.com/,1926424664.0,Mr,Richard,Siviter,Headteacher,Does not apply,Mixed,Primary,01/09/2023,Warwick and Leamington,149995,admin@telfordjunior.co.uk,True,False,,True,
Arley Primary Academy,Academy converter,Open,Gun Hill,New Arley,Coventry,Warwickshire,CV7 8HB,www.arleyprimaryschool.co.uk,1676233105.0,Mrs,Kate,Parkes,,Does not apply,Mixed,Primary,01/01/2024,Nuneaton,150353,,False,False,,False,
Hartshill Academy,Academy converter,Open,Church Road,,Nuneaton,Warwickshire,CV10 0NA,https://www.hartshillacademy.org.uk/,2476392237.0,Miss,Lorraine,Taylor,,,Mixed,Secondary,01/12/2023,Nuneaton,150453,,False,False,,False,
Nuneaton Academy,Academy sponsor led,Open,Radnor Drive,,Nuneaton,Warwickshire,CV10 7PD,www.nuneatonacademy.org.uk,2476341134.0,Mr,Mark,Dalton,,,Mixed,Secondary,01/12/2023,Nuneaton,150454,,False,False,,False,
Wilmcote C of E Primary School,Academy sponsor led,Open,Church Road,Wilmcote,Stratford-upon-Avon,Warwickshire,CV37 9XD,www.wilmcoteprimary.org.uk,1789204395.0,Mrs,Anita,Twyman,,Church of England,Mixed,Primary,01/09/2024,Stratford-on-Avon,150651,admin2073@welearn365.com,True,False,Good,True,
Myton Gardens,Free schools,Open,Fusiliers Way,,Warwick,Warwickshire,CV34 8DU,https://mytongardensprimary.com/#about,1926290646.0,,TBC,TBC,,,Mixed,Primary,01/09/2024,Warwick and Leamington,150777,mytongardens@stowevalley.com,True,False,,True,
St Nicholas CofE Primary School,Academy converter,Open,Priory Road,,Kenilworth,Warwickshire,CV8 2PE,www.st-nicholas-primary.org.uk/,1926853257.0,Mrs,Amy,Mitro,Headteacher,Church of England,Mixed,Primary,01/09/2024,Kenilworth and Southam,151107,admin3146@welearn365.com,True,False,,True,Dr Michael Sleath
"St Mary's Catholic Primary School, Southam",Academy converter,Open,Daventry Road,,Southam,Warwickshire,CV47 1PS,https://stmaryssoutham.org.uk/,1926812512.0,Mrs,Rachel,Chadbourne,Headteacher,Roman Catholic,Mixed,Primary,01/12/2024,Kenilworth and Southam,151228,office@mso.magnificat.org.uk,False,False,,True,
St Patrick's Catholic Primary School,Academy converter,Open,Cashmore Avenue,,Leamington Spa,Warwickshire,CV31 3EU,www.stpatricks-lspa.com,1926425958.0,Ms,Yvonne,Clarke,Headteacher,Roman Catholic,Mixed,Primary,01/03/2025,Warwick and Leamington,151229,office@spa.magnificat.org.uk,False,False,Good,True,
